building_id^|^city^|^country^|^postal_code^|^state^|^pega_customer_id^|^street
47^|^Dusseldorf^|^Germany^|^40880^|^NorthRhine-Westphalia^|^45189091^|^Linienstrase
48^|^Munich^|^Germany^|^40880^|^Bavaria^|^45189092^|^Oststrase
49^|^Frankfurt^|^Germany^|^40880^|^Hesse^|^45189093^|^Nordstrase
50^|^Frankfurt^|^Germany^|^40880^|^Hesse^|^45189094^|^Nordstrase
51^|^Berlin^|^Germany^|^40880^|^Brandenburg^|^45189095^|^Koningsallee
52^|^Berlin^|^Germany^|^40880^|^Brandenburg^|^45189096^|^Koningsallee
53^|^Frankfurt^|^Germany^|^40880^|^Hesse^|^45189097^|^Nordstrase
54^|^Dusseldorf^|^Germany^|^40880^|^NorthRhine-Westphalia^|^45189098^|^Linienstrase
55^|^Frankfurt^|^Germany^|^40880^|^Hesse^|^45189099^|^Nordstrase
56^|^Dusseldorf^|^Germany^|^40880^|^NorthRhine-Westphalia^|^45189100^|^Linienstrase
57^|^Frankfurt^|^Germany^|^40880^|^Hesse^|^45189101^|^Nordstrase
58^|^Dusseldorf^|^Germany^|^40880^|^NorthRhine-Westphalia^|^45189102^|^Linienstrase
59^|^Berlin^|^Germany^|^40880^|^Brandenburg^|^45189103^|^Koningsallee
60^|^Frankfurt^|^Germany^|^40880^|^Hesse^|^45189104^|^Nordstrase
61^|^Munich^|^Germany^|^40880^|^Bavaria^|^45189105^|^Oststrase
62^|^Munich^|^Germany^|^40880^|^Bavaria^|^45189106^|^Oststrase
63^|^Munich^|^Germany^|^40880^|^Bavaria^|^45189107^|^Oststrase
64^|^Dusseldorf^|^Germany^|^40880^|^NorthRhine-Westphalia^|^45189108^|^Linienstrase
65^|^Dusseldorf^|^Germany^|^40880^|^NorthRhine-Westphalia^|^45189109^|^Linienstrase
66^|^Dusseldorf^|^Germany^|^40880^|^NorthRhine-Westphalia^|^45189110^|^Linienstrase
67^|^Dusseldorf^|^Germany^|^40880^|^NorthRhine-Westphalia^|^45189111^|^Linienstrase
68^|^Frankfurt^|^Germany^|^40880^|^Hesse^|^45189112^|^Nordstrase
69^|^Berlin^|^Germany^|^40880^|^Brandenburg^|^45189113^|^Koningsallee
70^|^Frankfurt^|^Germany^|^40880^|^Hesse^|^45189114^|^Nordstrase
71^|^Munich^|^Germany^|^40880^|^Bavaria^|^45189115^|^Oststrase
72^|^Munich^|^Germany^|^40880^|^Bavaria^|^45189116^|^Oststrase
73^|^Frankfurt^|^Germany^|^40880^|^Hesse^|^45189117^|^Nordstrase
74^|^Dusseldorf^|^Germany^|^40880^|^NorthRhine-Westphalia^|^45189118^|^Linienstrase
75^|^Berlin^|^Germany^|^40880^|^Brandenburg^|^45189119^|^Koningsallee
76^|^Berlin^|^Germany^|^40880^|^Brandenburg^|^45189120^|^Koningsallee
77^|^Dusseldorf^|^Germany^|^40880^|^NorthRhine-Westphalia^|^45189121^|^Linienstrase
78^|^Dusseldorf^|^Germany^|^40880^|^NorthRhine-Westphalia^|^45189122^|^Linienstrase
79^|^Berlin^|^Germany^|^40880^|^Brandenburg^|^45189123^|^Koningsallee
80^|^Dusseldorf^|^Germany^|^40880^|^NorthRhine-Westphalia^|^45189124^|^Linienstrase
81^|^Frankfurt^|^Germany^|^40880^|^Hesse^|^45189125^|^Nordstrase
82^|^Munich^|^Germany^|^40880^|^Bavaria^|^45189126^|^Oststrase
83^|^Dusseldorf^|^Germany^|^40880^|^NorthRhine-Westphalia^|^45189127^|^Linienstrase
84^|^Frankfurt^|^Germany^|^40880^|^Hesse^|^45189128^|^Nordstrase
85^|^Frankfurt^|^Germany^|^40880^|^Hesse^|^45189129^|^Nordstrase
86^|^Berlin^|^Germany^|^40880^|^Brandenburg^|^45189130^|^Koningsallee
87^|^Berlin^|^Germany^|^40880^|^Brandenburg^|^45189131^|^Koningsallee
88^|^Berlin^|^Germany^|^40880^|^Brandenburg^|^45189132^|^Koningsallee
89^|^Dusseldorf^|^Germany^|^40880^|^NorthRhine-Westphalia^|^45189133^|^Linienstrase
90^|^Dusseldorf^|^Germany^|^40880^|^NorthRhine-Westphalia^|^45189134^|^Linienstrase
91^|^Munich^|^Germany^|^40880^|^Bavaria^|^45189135^|^Oststrase
92^|^Frankfurt^|^Germany^|^40880^|^Hesse^|^45189136^|^Nordstrase
93^|^Dusseldorf^|^Germany^|^40880^|^NorthRhine-Westphalia^|^45189137^|^Linienstrase
94^|^Dusseldorf^|^Germany^|^40880^|^NorthRhine-Westphalia^|^45189138^|^Linienstrase
95^|^Dusseldorf^|^Germany^|^40880^|^NorthRhine-Westphalia^|^45189139^|^Linienstrase
96^|^Berlin^|^Germany^|^40880^|^Brandenburg^|^45189140^|^Koningsallee
97^|^Munich^|^Germany^|^40880^|^Bavaria^|^45189141^|^Oststrase
98^|^Frankfurt^|^Germany^|^40880^|^Hesse^|^45189142^|^Nordstrase
99^|^Berlin^|^Germany^|^40880^|^Brandenburg^|^45189143^|^Koningsallee
100^|^Munich^|^Germany^|^40880^|^Bavaria^|^45189144^|^Oststrase
101^|^Frankfurt^|^Germany^|^40880^|^Hesse^|^45189145^|^Nordstrase
102^|^Frankfurt^|^Germany^|^40880^|^Hesse^|^45189146^|^Nordstrase
103^|^Dusseldorf^|^Germany^|^40880^|^NorthRhine-Westphalia^|^45189147^|^Linienstrase
104^|^Berlin^|^Germany^|^40880^|^Brandenburg^|^45189148^|^Koningsallee
105^|^Dusseldorf^|^Germany^|^40880^|^NorthRhine-Westphalia^|^45189149^|^Linienstrase
106^|^Frankfurt^|^Germany^|^40880^|^Hesse^|^45189150^|^Nordstrase
107^|^Munich^|^Germany^|^40880^|^Bavaria^|^45189151^|^Oststrase
108^|^Frankfurt^|^Germany^|^40880^|^Hesse^|^45189152^|^Nordstrase
109^|^Berlin^|^Germany^|^40880^|^Brandenburg^|^45189153^|^Koningsallee
110^|^Munich^|^Germany^|^40880^|^Bavaria^|^45189154^|^Oststrase
111^|^Munich^|^Germany^|^40880^|^Bavaria^|^45189155^|^Oststrase
112^|^Munich^|^Germany^|^40880^|^Bavaria^|^45189156^|^Oststrase
113^|^Frankfurt^|^Germany^|^40880^|^Hesse^|^45189157^|^Nordstrase
114^|^Munich^|^Germany^|^40880^|^Bavaria^|^45189158^|^Oststrase
115^|^Frankfurt^|^Germany^|^40880^|^Hesse^|^45189159^|^Nordstrase
116^|^Frankfurt^|^Germany^|^40880^|^Hesse^|^45189160^|^Nordstrase
117^|^Dusseldorf^|^Germany^|^40880^|^NorthRhine-Westphalia^|^45189161^|^Linienstrase
118^|^Dusseldorf^|^Germany^|^40880^|^NorthRhine-Westphalia^|^45189162^|^Linienstrase
119^|^Munich^|^Germany^|^40880^|^Bavaria^|^45189163^|^Oststrase
120^|^Dusseldorf^|^Germany^|^40880^|^NorthRhine-Westphalia^|^45189164^|^Linienstrase
121^|^Munich^|^Germany^|^40880^|^Bavaria^|^45189165^|^Oststrase
122^|^Dusseldorf^|^Germany^|^40880^|^NorthRhine-Westphalia^|^45189166^|^Linienstrase
123^|^Dusseldorf^|^Germany^|^40880^|^NorthRhine-Westphalia^|^45189167^|^Linienstrase
124^|^Berlin^|^Germany^|^40880^|^Brandenburg^|^45189168^|^Koningsallee
125^|^Munich^|^Germany^|^40880^|^Bavaria^|^45189169^|^Oststrase
126^|^Frankfurt^|^Germany^|^40880^|^Hesse^|^45189170^|^Nordstrase
127^|^Munich^|^Germany^|^40880^|^Bavaria^|^45189171^|^Oststrase
128^|^Dusseldorf^|^Germany^|^40880^|^NorthRhine-Westphalia^|^45189172^|^Linienstrase
129^|^Dusseldorf^|^Germany^|^40880^|^NorthRhine-Westphalia^|^45189173^|^Linienstrase
130^|^Berlin^|^Germany^|^40880^|^Brandenburg^|^45189174^|^Koningsallee
131^|^Munich^|^Germany^|^40880^|^Bavaria^|^45189175^|^Oststrase
132^|^Munich^|^Germany^|^40880^|^Bavaria^|^45189176^|^Oststrase
133^|^Dusseldorf^|^Germany^|^40880^|^NorthRhine-Westphalia^|^45189177^|^Linienstrase
134^|^Dusseldorf^|^Germany^|^40880^|^NorthRhine-Westphalia^|^45189178^|^Linienstrase
135^|^Dusseldorf^|^Germany^|^40880^|^NorthRhine-Westphalia^|^45189179^|^Linienstrase
136^|^Munich^|^Germany^|^40880^|^Bavaria^|^45189180^|^Oststrase
137^|^Munich^|^Germany^|^40880^|^Bavaria^|^45189181^|^Oststrase
138^|^Frankfurt^|^Germany^|^40880^|^Hesse^|^45189182^|^Nordstrase
139^|^Berlin^|^Germany^|^40880^|^Brandenburg^|^45189183^|^Koningsallee
140^|^Dusseldorf^|^Germany^|^40880^|^NorthRhine-Westphalia^|^45189184^|^Linienstrase
141^|^Munich^|^Germany^|^40880^|^Bavaria^|^45189185^|^Oststrase
142^|^Berlin^|^Germany^|^40880^|^Brandenburg^|^45189186^|^Koningsallee
143^|^Berlin^|^Germany^|^40880^|^Brandenburg^|^45189187^|^Koningsallee
144^|^Frankfurt^|^Germany^|^40880^|^Hesse^|^45189188^|^Nordstrase
145^|^Frankfurt^|^Germany^|^40880^|^Hesse^|^45189189^|^Nordstrase
146^|^Frankfurt^|^Germany^|^40880^|^Hesse^|^45189190^|^Nordstrase
147^|^Munich^|^Germany^|^40880^|^Bavaria^|^45189191^|^Oststrase
148^|^Munich^|^Germany^|^40880^|^Bavaria^|^45189192^|^Oststrase
149^|^Berlin^|^Germany^|^40880^|^Brandenburg^|^45189193^|^Koningsallee
150^|^Berlin^|^Germany^|^40880^|^Brandenburg^|^45189194^|^Koningsallee
151^|^Frankfurt^|^Germany^|^40880^|^Hesse^|^45189195^|^Nordstrase
152^|^Berlin^|^Germany^|^40880^|^Brandenburg^|^45189196^|^Koningsallee
153^|^Dusseldorf^|^Germany^|^40880^|^NorthRhine-Westphalia^|^45189197^|^Linienstrase
154^|^Frankfurt^|^Germany^|^40880^|^Hesse^|^45189198^|^Nordstrase
155^|^Berlin^|^Germany^|^40880^|^Brandenburg^|^45189199^|^Koningsallee
156^|^Berlin^|^Germany^|^40880^|^Brandenburg^|^45189200^|^Koningsallee
157^|^Berlin^|^Germany^|^40880^|^Brandenburg^|^45189201^|^Koningsallee
158^|^Berlin^|^Germany^|^40880^|^Brandenburg^|^45189202^|^Koningsallee
159^|^Munich^|^Germany^|^40880^|^Bavaria^|^45189203^|^Oststrase
160^|^Dusseldorf^|^Germany^|^40880^|^NorthRhine-Westphalia^|^45189204^|^Linienstrase
161^|^Munich^|^Germany^|^40880^|^Bavaria^|^45189205^|^Oststrase
162^|^Dusseldorf^|^Germany^|^40880^|^NorthRhine-Westphalia^|^45189206^|^Linienstrase
163^|^Frankfurt^|^Germany^|^40880^|^Hesse^|^45189207^|^Nordstrase
164^|^Dusseldorf^|^Germany^|^40880^|^NorthRhine-Westphalia^|^45189208^|^Linienstrase
165^|^Dusseldorf^|^Germany^|^40880^|^NorthRhine-Westphalia^|^45189209^|^Linienstrase
166^|^Dusseldorf^|^Germany^|^40880^|^NorthRhine-Westphalia^|^45189210^|^Linienstrase
167^|^Frankfurt^|^Germany^|^40880^|^Hesse^|^45189211^|^Nordstrase
168^|^Dusseldorf^|^Germany^|^40880^|^NorthRhine-Westphalia^|^45189212^|^Linienstrase
169^|^Dusseldorf^|^Germany^|^40880^|^NorthRhine-Westphalia^|^45189213^|^Linienstrase
170^|^Dusseldorf^|^Germany^|^40880^|^NorthRhine-Westphalia^|^45189214^|^Linienstrase
171^|^Munich^|^Germany^|^40880^|^Bavaria^|^45189215^|^Oststrase
172^|^Munich^|^Germany^|^40880^|^Bavaria^|^45189216^|^Oststrase
173^|^Munich^|^Germany^|^40880^|^Bavaria^|^45189217^|^Oststrase
174^|^Berlin^|^Germany^|^40880^|^Brandenburg^|^45189218^|^Koningsallee
175^|^Frankfurt^|^Germany^|^40880^|^Hesse^|^45189219^|^Nordstrase
176^|^Dusseldorf^|^Germany^|^40880^|^NorthRhine-Westphalia^|^45189220^|^Linienstrase
177^|^Dusseldorf^|^Germany^|^40880^|^NorthRhine-Westphalia^|^45189221^|^Linienstrase
178^|^Berlin^|^Germany^|^40880^|^Brandenburg^|^45189222^|^Koningsallee
179^|^Frankfurt^|^Germany^|^40880^|^Hesse^|^45189223^|^Nordstrase
180^|^Berlin^|^Germany^|^40880^|^Brandenburg^|^45189224^|^Koningsallee
181^|^Munich^|^Germany^|^40880^|^Bavaria^|^45189225^|^Oststrase
182^|^Dusseldorf^|^Germany^|^40880^|^NorthRhine-Westphalia^|^45189226^|^Linienstrase
183^|^Munich^|^Germany^|^40880^|^Bavaria^|^45189227^|^Oststrase
184^|^Frankfurt^|^Germany^|^40880^|^Hesse^|^45189228^|^Nordstrase
185^|^Dusseldorf^|^Germany^|^40880^|^NorthRhine-Westphalia^|^45189229^|^Linienstrase
186^|^Frankfurt^|^Germany^|^40880^|^Hesse^|^45189230^|^Nordstrase
187^|^Berlin^|^Germany^|^40880^|^Brandenburg^|^45189231^|^Koningsallee
188^|^Frankfurt^|^Germany^|^40880^|^Hesse^|^45189232^|^Nordstrase
189^|^Frankfurt^|^Germany^|^40880^|^Hesse^|^45189233^|^Nordstrase
190^|^Dusseldorf^|^Germany^|^40880^|^NorthRhine-Westphalia^|^45189234^|^Linienstrase
191^|^Frankfurt^|^Germany^|^40880^|^Hesse^|^45189235^|^Nordstrase
192^|^Munich^|^Germany^|^40880^|^Bavaria^|^45189236^|^Oststrase
193^|^Dusseldorf^|^Germany^|^40880^|^NorthRhine-Westphalia^|^45189237^|^Linienstrase
194^|^Dusseldorf^|^Germany^|^40880^|^NorthRhine-Westphalia^|^45189238^|^Linienstrase
195^|^Frankfurt^|^Germany^|^40880^|^Hesse^|^45189239^|^Nordstrase
196^|^Munich^|^Germany^|^40880^|^Bavaria^|^45189240^|^Oststrase
197^|^Frankfurt^|^Germany^|^40880^|^Hesse^|^45189241^|^Nordstrase
198^|^Dusseldorf^|^Germany^|^40880^|^NorthRhine-Westphalia^|^45189242^|^Linienstrase
199^|^Dusseldorf^|^Germany^|^40880^|^NorthRhine-Westphalia^|^45189243^|^Linienstrase
200^|^Dusseldorf^|^Germany^|^40880^|^NorthRhine-Westphalia^|^45189244^|^Linienstrase
201^|^Berlin^|^Germany^|^40880^|^Brandenburg^|^45189245^|^Koningsallee
202^|^Frankfurt^|^Germany^|^40880^|^Hesse^|^45189246^|^Nordstrase
203^|^Berlin^|^Germany^|^40880^|^Brandenburg^|^45189247^|^Koningsallee
204^|^Munich^|^Germany^|^40880^|^Bavaria^|^45189248^|^Oststrase
205^|^Berlin^|^Germany^|^40880^|^Brandenburg^|^45189249^|^Koningsallee
206^|^Munich^|^Germany^|^40880^|^Bavaria^|^45189250^|^Oststrase
207^|^Munich^|^Germany^|^40880^|^Bavaria^|^45189251^|^Oststrase
208^|^Frankfurt^|^Germany^|^40880^|^Hesse^|^45189252^|^Nordstrase
209^|^Dusseldorf^|^Germany^|^40880^|^NorthRhine-Westphalia^|^45189253^|^Linienstrase
210^|^Munich^|^Germany^|^40880^|^Bavaria^|^45189254^|^Oststrase
211^|^Berlin^|^Germany^|^40880^|^Brandenburg^|^45189255^|^Koningsallee
212^|^Munich^|^Germany^|^40880^|^Bavaria^|^45189256^|^Oststrase
213^|^Munich^|^Germany^|^40880^|^Bavaria^|^45189257^|^Oststrase
214^|^Dusseldorf^|^Germany^|^40880^|^NorthRhine-Westphalia^|^45189258^|^Linienstrase
215^|^Munich^|^Germany^|^40880^|^Bavaria^|^45189259^|^Oststrase
216^|^Dusseldorf^|^Germany^|^40880^|^NorthRhine-Westphalia^|^45189260^|^Linienstrase
217^|^Frankfurt^|^Germany^|^40880^|^Hesse^|^45189261^|^Nordstrase
218^|^Dusseldorf^|^Germany^|^40880^|^NorthRhine-Westphalia^|^45189262^|^Linienstrase
219^|^Munich^|^Germany^|^40880^|^Bavaria^|^45189263^|^Oststrase
220^|^Frankfurt^|^Germany^|^40880^|^Hesse^|^45189264^|^Nordstrase
221^|^Dusseldorf^|^Germany^|^40880^|^NorthRhine-Westphalia^|^45189265^|^Linienstrase
222^|^Berlin^|^Germany^|^40880^|^Brandenburg^|^45189266^|^Koningsallee
223^|^Berlin^|^Germany^|^40880^|^Brandenburg^|^45189267^|^Koningsallee
224^|^Munich^|^Germany^|^40880^|^Bavaria^|^45189268^|^Oststrase
225^|^Berlin^|^Germany^|^40880^|^Brandenburg^|^45189269^|^Koningsallee
226^|^Munich^|^Germany^|^40880^|^Bavaria^|^45189270^|^Oststrase
227^|^Dusseldorf^|^Germany^|^40880^|^NorthRhine-Westphalia^|^45189271^|^Linienstrase
228^|^Frankfurt^|^Germany^|^40880^|^Hesse^|^45189272^|^Nordstrase
229^|^Berlin^|^Germany^|^40880^|^Brandenburg^|^45189273^|^Koningsallee
230^|^Frankfurt^|^Germany^|^40880^|^Hesse^|^45189274^|^Nordstrase
231^|^Munich^|^Germany^|^40880^|^Bavaria^|^45189275^|^Oststrase
232^|^Munich^|^Germany^|^40880^|^Bavaria^|^45189276^|^Oststrase
233^|^Munich^|^Germany^|^40880^|^Bavaria^|^45189277^|^Oststrase
234^|^Dusseldorf^|^Germany^|^40880^|^NorthRhine-Westphalia^|^45189278^|^Linienstrase
235^|^Frankfurt^|^Germany^|^40880^|^Hesse^|^45189279^|^Nordstrase
236^|^Frankfurt^|^Germany^|^40880^|^Hesse^|^45189280^|^Nordstrase
237^|^Berlin^|^Germany^|^40880^|^Brandenburg^|^45189281^|^Koningsallee
238^|^Frankfurt^|^Germany^|^40880^|^Hesse^|^45189282^|^Nordstrase
239^|^Berlin^|^Germany^|^40880^|^Brandenburg^|^45189283^|^Koningsallee
240^|^Munich^|^Germany^|^40880^|^Bavaria^|^45189284^|^Oststrase
241^|^Dusseldorf^|^Germany^|^40880^|^NorthRhine-Westphalia^|^45189285^|^Linienstrase
242^|^Dusseldorf^|^Germany^|^40880^|^NorthRhine-Westphalia^|^45189286^|^Linienstrase
243^|^Frankfurt^|^Germany^|^40880^|^Hesse^|^45189287^|^Nordstrase
244^|^Munich^|^Germany^|^40880^|^Bavaria^|^45189288^|^Oststrase
245^|^Berlin^|^Germany^|^40880^|^Brandenburg^|^45189289^|^Koningsallee
246^|^Berlin^|^Germany^|^40880^|^Brandenburg^|^45189290^|^Koningsallee
247^|^Berlin^|^Germany^|^40880^|^Brandenburg^|^45189291^|^Koningsallee
248^|^Dusseldorf^|^Germany^|^40880^|^NorthRhine-Westphalia^|^45189292^|^Linienstrase
249^|^Berlin^|^Germany^|^40880^|^Brandenburg^|^45189293^|^Koningsallee
250^|^Dusseldorf^|^Germany^|^40880^|^NorthRhine-Westphalia^|^45189294^|^Linienstrase
251^|^Munich^|^Germany^|^40880^|^Bavaria^|^45189295^|^Oststrase
252^|^Berlin^|^Germany^|^40880^|^Brandenburg^|^45189296^|^Koningsallee
253^|^Frankfurt^|^Germany^|^40880^|^Hesse^|^45189297^|^Nordstrase
254^|^Berlin^|^Germany^|^40880^|^Brandenburg^|^45189298^|^Koningsallee
255^|^Berlin^|^Germany^|^40880^|^Brandenburg^|^45189299^|^Koningsallee
256^|^Munich^|^Germany^|^40880^|^Bavaria^|^45189300^|^Oststrase
257^|^Dusseldorf^|^Germany^|^40880^|^NorthRhine-Westphalia^|^45189301^|^Linienstrase
258^|^Frankfurt^|^Germany^|^40880^|^Hesse^|^45189302^|^Nordstrase
259^|^Frankfurt^|^Germany^|^40880^|^Hesse^|^45189303^|^Nordstrase
260^|^Dusseldorf^|^Germany^|^40880^|^NorthRhine-Westphalia^|^45189304^|^Linienstrase
261^|^Munich^|^Germany^|^40880^|^Bavaria^|^45189305^|^Oststrase
262^|^Munich^|^Germany^|^40880^|^Bavaria^|^45189306^|^Oststrase
263^|^Berlin^|^Germany^|^40880^|^Brandenburg^|^45189307^|^Koningsallee
264^|^Munich^|^Germany^|^40880^|^Bavaria^|^45189308^|^Oststrase
265^|^Berlin^|^Germany^|^40880^|^Brandenburg^|^45189309^|^Koningsallee
266^|^Berlin^|^Germany^|^40880^|^Brandenburg^|^45189310^|^Koningsallee
267^|^Munich^|^Germany^|^40880^|^Bavaria^|^45189311^|^Oststrase
268^|^Munich^|^Germany^|^40880^|^Bavaria^|^45189312^|^Oststrase
269^|^Munich^|^Germany^|^40880^|^Bavaria^|^45189313^|^Oststrase
270^|^Frankfurt^|^Germany^|^40880^|^Hesse^|^45189314^|^Nordstrase
271^|^Munich^|^Germany^|^40880^|^Bavaria^|^45189315^|^Oststrase
272^|^Munich^|^Germany^|^40880^|^Bavaria^|^45189316^|^Oststrase
273^|^Dusseldorf^|^Germany^|^40880^|^NorthRhine-Westphalia^|^45189317^|^Linienstrase
274^|^Munich^|^Germany^|^40880^|^Bavaria^|^45189318^|^Oststrase
275^|^Munich^|^Germany^|^40880^|^Bavaria^|^45189319^|^Oststrase
276^|^Dusseldorf^|^Germany^|^40880^|^NorthRhine-Westphalia^|^45189320^|^Linienstrase
277^|^Munich^|^Germany^|^40880^|^Bavaria^|^45189321^|^Oststrase
278^|^Dusseldorf^|^Germany^|^40880^|^NorthRhine-Westphalia^|^45189322^|^Linienstrase
279^|^Dusseldorf^|^Germany^|^40880^|^NorthRhine-Westphalia^|^45189323^|^Linienstrase
280^|^Frankfurt^|^Germany^|^40880^|^Hesse^|^45189324^|^Nordstrase
281^|^Munich^|^Germany^|^40880^|^Bavaria^|^45189325^|^Oststrase
282^|^Dusseldorf^|^Germany^|^40880^|^NorthRhine-Westphalia^|^45189326^|^Linienstrase
283^|^Dusseldorf^|^Germany^|^40880^|^NorthRhine-Westphalia^|^45189327^|^Linienstrase
284^|^Frankfurt^|^Germany^|^40880^|^Hesse^|^45189328^|^Nordstrase
285^|^Munich^|^Germany^|^40880^|^Bavaria^|^45189329^|^Oststrase
286^|^Frankfurt^|^Germany^|^40880^|^Hesse^|^45189330^|^Nordstrase
287^|^Munich^|^Germany^|^40880^|^Bavaria^|^45189331^|^Oststrase
288^|^Dusseldorf^|^Germany^|^40880^|^NorthRhine-Westphalia^|^45189332^|^Linienstrase
289^|^Berlin^|^Germany^|^40880^|^Brandenburg^|^45189333^|^Koningsallee
290^|^Frankfurt^|^Germany^|^40880^|^Hesse^|^45189334^|^Nordstrase
291^|^Berlin^|^Germany^|^40880^|^Brandenburg^|^45189335^|^Koningsallee
292^|^Frankfurt^|^Germany^|^40880^|^Hesse^|^45189336^|^Nordstrase
293^|^Munich^|^Germany^|^40880^|^Bavaria^|^45189337^|^Oststrase
294^|^Dusseldorf^|^Germany^|^40880^|^NorthRhine-Westphalia^|^45189338^|^Linienstrase
295^|^Dusseldorf^|^Germany^|^40880^|^NorthRhine-Westphalia^|^45189339^|^Linienstrase
296^|^Munich^|^Germany^|^40880^|^Bavaria^|^45189340^|^Oststrase
297^|^Dusseldorf^|^Germany^|^40880^|^NorthRhine-Westphalia^|^45189341^|^Linienstrase
298^|^Berlin^|^Germany^|^40880^|^Brandenburg^|^45189342^|^Koningsallee
299^|^Berlin^|^Germany^|^40880^|^Brandenburg^|^45189343^|^Koningsallee
300^|^Dusseldorf^|^Germany^|^40880^|^NorthRhine-Westphalia^|^45189344^|^Linienstrase
301^|^Berlin^|^Germany^|^40880^|^Brandenburg^|^45189345^|^Koningsallee
302^|^Frankfurt^|^Germany^|^40880^|^Hesse^|^45189346^|^Nordstrase
303^|^Dusseldorf^|^Germany^|^40880^|^NorthRhine-Westphalia^|^45189347^|^Linienstrase
304^|^Berlin^|^Germany^|^40880^|^Brandenburg^|^45189348^|^Koningsallee
305^|^Munich^|^Germany^|^40880^|^Bavaria^|^45189349^|^Oststrase
306^|^Munich^|^Germany^|^40880^|^Bavaria^|^45189350^|^Oststrase
307^|^Berlin^|^Germany^|^40880^|^Brandenburg^|^45189351^|^Koningsallee
308^|^Dusseldorf^|^Germany^|^40880^|^NorthRhine-Westphalia^|^45189352^|^Linienstrase
309^|^Frankfurt^|^Germany^|^40880^|^Hesse^|^45189353^|^Nordstrase
310^|^Munich^|^Germany^|^40880^|^Bavaria^|^45189354^|^Oststrase
311^|^Munich^|^Germany^|^40880^|^Bavaria^|^45189355^|^Oststrase
312^|^Frankfurt^|^Germany^|^40880^|^Hesse^|^45189356^|^Nordstrase
313^|^Munich^|^Germany^|^40880^|^Bavaria^|^45189357^|^Oststrase
314^|^Munich^|^Germany^|^40880^|^Bavaria^|^45189358^|^Oststrase
315^|^Munich^|^Germany^|^40880^|^Bavaria^|^45189359^|^Oststrase
316^|^Berlin^|^Germany^|^40880^|^Brandenburg^|^45189360^|^Koningsallee
317^|^Frankfurt^|^Germany^|^40880^|^Hesse^|^45189361^|^Nordstrase
318^|^Munich^|^Germany^|^40880^|^Bavaria^|^45189362^|^Oststrase
319^|^Munich^|^Germany^|^40880^|^Bavaria^|^45189363^|^Oststrase
320^|^Dusseldorf^|^Germany^|^40880^|^NorthRhine-Westphalia^|^45189364^|^Linienstrase
321^|^Frankfurt^|^Germany^|^40880^|^Hesse^|^45189365^|^Nordstrase
322^|^Frankfurt^|^Germany^|^40880^|^Hesse^|^45189366^|^Nordstrase
323^|^Munich^|^Germany^|^40880^|^Bavaria^|^45189367^|^Oststrase
324^|^Frankfurt^|^Germany^|^40880^|^Hesse^|^45189368^|^Nordstrase
325^|^Berlin^|^Germany^|^40880^|^Brandenburg^|^45189369^|^Koningsallee
326^|^Munich^|^Germany^|^40880^|^Bavaria^|^45189370^|^Oststrase
327^|^Dusseldorf^|^Germany^|^40880^|^NorthRhine-Westphalia^|^45189371^|^Linienstrase
328^|^Munich^|^Germany^|^40880^|^Bavaria^|^45189372^|^Oststrase
329^|^Munich^|^Germany^|^40880^|^Bavaria^|^45189373^|^Oststrase
330^|^Munich^|^Germany^|^40880^|^Bavaria^|^45189374^|^Oststrase
331^|^Munich^|^Germany^|^40880^|^Bavaria^|^45189375^|^Oststrase
332^|^Berlin^|^Germany^|^40880^|^Brandenburg^|^45189376^|^Koningsallee
333^|^Berlin^|^Germany^|^40880^|^Brandenburg^|^45189377^|^Koningsallee
334^|^Frankfurt^|^Germany^|^40880^|^Hesse^|^45189378^|^Nordstrase
335^|^Frankfurt^|^Germany^|^40880^|^Hesse^|^45189379^|^Nordstrase
336^|^Munich^|^Germany^|^40880^|^Bavaria^|^45189380^|^Oststrase
337^|^Dusseldorf^|^Germany^|^40880^|^NorthRhine-Westphalia^|^45189381^|^Linienstrase
338^|^Frankfurt^|^Germany^|^40880^|^Hesse^|^45189382^|^Nordstrase
339^|^Munich^|^Germany^|^40880^|^Bavaria^|^45189383^|^Oststrase
340^|^Dusseldorf^|^Germany^|^40880^|^NorthRhine-Westphalia^|^45189384^|^Linienstrase
341^|^Berlin^|^Germany^|^40880^|^Brandenburg^|^45189385^|^Koningsallee
342^|^Berlin^|^Germany^|^40880^|^Brandenburg^|^45189386^|^Koningsallee
343^|^Berlin^|^Germany^|^40880^|^Brandenburg^|^45189387^|^Koningsallee
344^|^Dusseldorf^|^Germany^|^40880^|^NorthRhine-Westphalia^|^45189388^|^Linienstrase
345^|^Berlin^|^Germany^|^40880^|^Brandenburg^|^45189389^|^Koningsallee
346^|^Dusseldorf^|^Germany^|^40880^|^NorthRhine-Westphalia^|^45189390^|^Linienstrase
347^|^Munich^|^Germany^|^40880^|^Bavaria^|^45189391^|^Oststrase
348^|^Berlin^|^Germany^|^40880^|^Brandenburg^|^45189392^|^Koningsallee
349^|^Munich^|^Germany^|^40880^|^Bavaria^|^45189393^|^Oststrase
350^|^Dusseldorf^|^Germany^|^40880^|^NorthRhine-Westphalia^|^45189394^|^Linienstrase
351^|^Munich^|^Germany^|^40880^|^Bavaria^|^45189395^|^Oststrase
352^|^Dusseldorf^|^Germany^|^40880^|^NorthRhine-Westphalia^|^45189396^|^Linienstrase
353^|^Berlin^|^Germany^|^40880^|^Brandenburg^|^45189397^|^Koningsallee
354^|^Munich^|^Germany^|^40880^|^Bavaria^|^45189398^|^Oststrase
355^|^Munich^|^Germany^|^40880^|^Bavaria^|^45189399^|^Oststrase
356^|^Munich^|^Germany^|^40880^|^Bavaria^|^45189400^|^Oststrase
357^|^Berlin^|^Germany^|^40880^|^Brandenburg^|^45189401^|^Koningsallee
358^|^Frankfurt^|^Germany^|^40880^|^Hesse^|^45189402^|^Nordstrase
359^|^Dusseldorf^|^Germany^|^40880^|^NorthRhine-Westphalia^|^45189403^|^Linienstrase
360^|^Frankfurt^|^Germany^|^40880^|^Hesse^|^45189404^|^Nordstrase
361^|^Frankfurt^|^Germany^|^40880^|^Hesse^|^45189405^|^Nordstrase
362^|^Frankfurt^|^Germany^|^40880^|^Hesse^|^45189406^|^Nordstrase
363^|^Munich^|^Germany^|^40880^|^Bavaria^|^45189407^|^Oststrase
364^|^Frankfurt^|^Germany^|^40880^|^Hesse^|^45189408^|^Nordstrase
365^|^Berlin^|^Germany^|^40880^|^Brandenburg^|^45189409^|^Koningsallee
366^|^Berlin^|^Germany^|^40880^|^Brandenburg^|^45189410^|^Koningsallee
367^|^Dusseldorf^|^Germany^|^40880^|^NorthRhine-Westphalia^|^45189411^|^Linienstrase
368^|^Frankfurt^|^Germany^|^40880^|^Hesse^|^45189412^|^Nordstrase
369^|^Munich^|^Germany^|^40880^|^Bavaria^|^45189413^|^Oststrase
370^|^Munich^|^Germany^|^40880^|^Bavaria^|^45189414^|^Oststrase
371^|^Dusseldorf^|^Germany^|^40880^|^NorthRhine-Westphalia^|^45189415^|^Linienstrase
372^|^Berlin^|^Germany^|^40880^|^Brandenburg^|^45189416^|^Koningsallee
373^|^Munich^|^Germany^|^40880^|^Bavaria^|^45189417^|^Oststrase
374^|^Munich^|^Germany^|^40880^|^Bavaria^|^45189418^|^Oststrase
375^|^Berlin^|^Germany^|^40880^|^Brandenburg^|^45189419^|^Koningsallee
376^|^Munich^|^Germany^|^40880^|^Bavaria^|^45189420^|^Oststrase
377^|^Berlin^|^Germany^|^40880^|^Brandenburg^|^45189421^|^Koningsallee
378^|^Munich^|^Germany^|^40880^|^Bavaria^|^45189422^|^Oststrase
379^|^Dusseldorf^|^Germany^|^40880^|^NorthRhine-Westphalia^|^45189423^|^Linienstrase
380^|^Frankfurt^|^Germany^|^40880^|^Hesse^|^45189424^|^Nordstrase
381^|^Munich^|^Germany^|^40880^|^Bavaria^|^45189425^|^Oststrase
382^|^Berlin^|^Germany^|^40880^|^Brandenburg^|^45189426^|^Koningsallee
383^|^Berlin^|^Germany^|^40880^|^Brandenburg^|^45189427^|^Koningsallee
384^|^Dusseldorf^|^Germany^|^40880^|^NorthRhine-Westphalia^|^45189428^|^Linienstrase
385^|^Berlin^|^Germany^|^40880^|^Brandenburg^|^45189429^|^Koningsallee
386^|^Dusseldorf^|^Germany^|^40880^|^NorthRhine-Westphalia^|^45189430^|^Linienstrase
387^|^Dusseldorf^|^Germany^|^40880^|^NorthRhine-Westphalia^|^45189431^|^Linienstrase
388^|^Berlin^|^Germany^|^40880^|^Brandenburg^|^45189432^|^Koningsallee
389^|^Frankfurt^|^Germany^|^40880^|^Hesse^|^45189433^|^Nordstrase
390^|^Berlin^|^Germany^|^40880^|^Brandenburg^|^45189434^|^Koningsallee
391^|^Munich^|^Germany^|^40880^|^Bavaria^|^45189435^|^Oststrase
392^|^Munich^|^Germany^|^40880^|^Bavaria^|^45189436^|^Oststrase
393^|^Munich^|^Germany^|^40880^|^Bavaria^|^45189437^|^Oststrase
394^|^Frankfurt^|^Germany^|^40880^|^Hesse^|^45189438^|^Nordstrase
395^|^Berlin^|^Germany^|^40880^|^Brandenburg^|^45189439^|^Koningsallee
396^|^Berlin^|^Germany^|^40880^|^Brandenburg^|^45189440^|^Koningsallee
397^|^Munich^|^Germany^|^40880^|^Bavaria^|^45189441^|^Oststrase
398^|^Dusseldorf^|^Germany^|^40880^|^NorthRhine-Westphalia^|^45189442^|^Linienstrase
399^|^Munich^|^Germany^|^40880^|^Bavaria^|^45189443^|^Oststrase
400^|^Berlin^|^Germany^|^40880^|^Brandenburg^|^45189444^|^Koningsallee
401^|^Dusseldorf^|^Germany^|^40880^|^NorthRhine-Westphalia^|^45189445^|^Linienstrase
402^|^Munich^|^Germany^|^40880^|^Bavaria^|^45189446^|^Oststrase
403^|^Dusseldorf^|^Germany^|^40880^|^NorthRhine-Westphalia^|^45189447^|^Linienstrase
404^|^Munich^|^Germany^|^40880^|^Bavaria^|^45189448^|^Oststrase
405^|^Munich^|^Germany^|^40880^|^Bavaria^|^45189449^|^Oststrase
406^|^Berlin^|^Germany^|^40880^|^Brandenburg^|^45189450^|^Koningsallee
407^|^Munich^|^Germany^|^40880^|^Bavaria^|^45189451^|^Oststrase
408^|^Berlin^|^Germany^|^40880^|^Brandenburg^|^45189452^|^Koningsallee
409^|^Berlin^|^Germany^|^40880^|^Brandenburg^|^45189453^|^Koningsallee
410^|^Berlin^|^Germany^|^40880^|^Brandenburg^|^45189454^|^Koningsallee
411^|^Berlin^|^Germany^|^40880^|^Brandenburg^|^45189455^|^Koningsallee
412^|^Munich^|^Germany^|^40880^|^Bavaria^|^45189456^|^Oststrase
413^|^Berlin^|^Germany^|^40880^|^Brandenburg^|^45189457^|^Koningsallee
414^|^Munich^|^Germany^|^40880^|^Bavaria^|^45189458^|^Oststrase
415^|^Berlin^|^Germany^|^40880^|^Brandenburg^|^45189459^|^Koningsallee
416^|^Munich^|^Germany^|^40880^|^Bavaria^|^45189460^|^Oststrase
417^|^Frankfurt^|^Germany^|^40880^|^Hesse^|^45189461^|^Nordstrase
418^|^Munich^|^Germany^|^40880^|^Bavaria^|^45189462^|^Oststrase
419^|^Munich^|^Germany^|^40880^|^Bavaria^|^45189463^|^Oststrase
420^|^Dusseldorf^|^Germany^|^40880^|^NorthRhine-Westphalia^|^45189464^|^Linienstrase
421^|^Munich^|^Germany^|^40880^|^Bavaria^|^45189465^|^Oststrase
422^|^Munich^|^Germany^|^40880^|^Bavaria^|^45189466^|^Oststrase
423^|^Dusseldorf^|^Germany^|^40880^|^NorthRhine-Westphalia^|^45189467^|^Linienstrase
424^|^Frankfurt^|^Germany^|^40880^|^Hesse^|^45189468^|^Nordstrase
425^|^Berlin^|^Germany^|^40880^|^Brandenburg^|^45189469^|^Koningsallee
426^|^Dusseldorf^|^Germany^|^40880^|^NorthRhine-Westphalia^|^45189470^|^Linienstrase
427^|^Berlin^|^Germany^|^40880^|^Brandenburg^|^45189471^|^Koningsallee
428^|^Frankfurt^|^Germany^|^40880^|^Hesse^|^45189472^|^Nordstrase
429^|^Berlin^|^Germany^|^40880^|^Brandenburg^|^45189473^|^Koningsallee
430^|^Dusseldorf^|^Germany^|^40880^|^NorthRhine-Westphalia^|^45189474^|^Linienstrase
431^|^Dusseldorf^|^Germany^|^40880^|^NorthRhine-Westphalia^|^45189475^|^Linienstrase
432^|^Berlin^|^Germany^|^40880^|^Brandenburg^|^45189476^|^Koningsallee
433^|^Frankfurt^|^Germany^|^40880^|^Hesse^|^45189477^|^Nordstrase
434^|^Munich^|^Germany^|^40880^|^Bavaria^|^45189478^|^Oststrase
435^|^Dusseldorf^|^Germany^|^40880^|^NorthRhine-Westphalia^|^45189479^|^Linienstrase
436^|^Dusseldorf^|^Germany^|^40880^|^NorthRhine-Westphalia^|^45189480^|^Linienstrase
437^|^Frankfurt^|^Germany^|^40880^|^Hesse^|^45189481^|^Nordstrase
438^|^Berlin^|^Germany^|^40880^|^Brandenburg^|^45189482^|^Koningsallee
439^|^Munich^|^Germany^|^40880^|^Bavaria^|^45189483^|^Oststrase
440^|^Frankfurt^|^Germany^|^40880^|^Hesse^|^45189484^|^Nordstrase
441^|^Munich^|^Germany^|^40880^|^Bavaria^|^45189485^|^Oststrase
442^|^Frankfurt^|^Germany^|^40880^|^Hesse^|^45189486^|^Nordstrase
443^|^Munich^|^Germany^|^40880^|^Bavaria^|^45189487^|^Oststrase
444^|^Dusseldorf^|^Germany^|^40880^|^NorthRhine-Westphalia^|^45189488^|^Linienstrase
445^|^Dusseldorf^|^Germany^|^40880^|^NorthRhine-Westphalia^|^45189489^|^Linienstrase
446^|^Berlin^|^Germany^|^40880^|^Brandenburg^|^45189490^|^Koningsallee
447^|^Berlin^|^Germany^|^40880^|^Brandenburg^|^45189491^|^Koningsallee
448^|^Munich^|^Germany^|^40880^|^Bavaria^|^45189492^|^Oststrase
449^|^Munich^|^Germany^|^40880^|^Bavaria^|^45189493^|^Oststrase
450^|^Dusseldorf^|^Germany^|^40880^|^NorthRhine-Westphalia^|^45189494^|^Linienstrase
451^|^Berlin^|^Germany^|^40880^|^Brandenburg^|^45189495^|^Koningsallee
452^|^Frankfurt^|^Germany^|^40880^|^Hesse^|^45189496^|^Nordstrase
453^|^Frankfurt^|^Germany^|^40880^|^Hesse^|^45189497^|^Nordstrase
454^|^Dusseldorf^|^Germany^|^40880^|^NorthRhine-Westphalia^|^45189498^|^Linienstrase
455^|^Frankfurt^|^Germany^|^40880^|^Hesse^|^45189499^|^Nordstrase
456^|^Frankfurt^|^Germany^|^40880^|^Hesse^|^45189500^|^Nordstrase
457^|^Frankfurt^|^Germany^|^40880^|^Hesse^|^45189501^|^Nordstrase
458^|^Berlin^|^Germany^|^40880^|^Brandenburg^|^45189502^|^Koningsallee
459^|^Munich^|^Germany^|^40880^|^Bavaria^|^45189503^|^Oststrase
460^|^Berlin^|^Germany^|^40880^|^Brandenburg^|^45189504^|^Koningsallee
461^|^Munich^|^Germany^|^40880^|^Bavaria^|^45189505^|^Oststrase
462^|^Dusseldorf^|^Germany^|^40880^|^NorthRhine-Westphalia^|^45189506^|^Linienstrase
463^|^Munich^|^Germany^|^40880^|^Bavaria^|^45189507^|^Oststrase
464^|^Frankfurt^|^Germany^|^40880^|^Hesse^|^45189508^|^Nordstrase
465^|^Munich^|^Germany^|^40880^|^Bavaria^|^45189509^|^Oststrase
466^|^Munich^|^Germany^|^40880^|^Bavaria^|^45189510^|^Oststrase
467^|^Munich^|^Germany^|^40880^|^Bavaria^|^45189511^|^Oststrase
468^|^Dusseldorf^|^Germany^|^40880^|^NorthRhine-Westphalia^|^45189512^|^Linienstrase
469^|^Munich^|^Germany^|^40880^|^Bavaria^|^45189513^|^Oststrase
470^|^Dusseldorf^|^Germany^|^40880^|^NorthRhine-Westphalia^|^45189514^|^Linienstrase
471^|^Frankfurt^|^Germany^|^40880^|^Hesse^|^45189515^|^Nordstrase
472^|^Frankfurt^|^Germany^|^40880^|^Hesse^|^45189516^|^Nordstrase
473^|^Munich^|^Germany^|^40880^|^Bavaria^|^45189517^|^Oststrase
474^|^Berlin^|^Germany^|^40880^|^Brandenburg^|^45189518^|^Koningsallee
475^|^Munich^|^Germany^|^40880^|^Bavaria^|^45189519^|^Oststrase
476^|^Berlin^|^Germany^|^40880^|^Brandenburg^|^45189520^|^Koningsallee
477^|^Berlin^|^Germany^|^40880^|^Brandenburg^|^45189521^|^Koningsallee
478^|^Munich^|^Germany^|^40880^|^Bavaria^|^45189522^|^Oststrase
479^|^Dusseldorf^|^Germany^|^40880^|^NorthRhine-Westphalia^|^45189523^|^Linienstrase
480^|^Dusseldorf^|^Germany^|^40880^|^NorthRhine-Westphalia^|^45189524^|^Linienstrase
481^|^Dusseldorf^|^Germany^|^40880^|^NorthRhine-Westphalia^|^45189525^|^Linienstrase
482^|^Munich^|^Germany^|^40880^|^Bavaria^|^45189526^|^Oststrase
483^|^Dusseldorf^|^Germany^|^40880^|^NorthRhine-Westphalia^|^45189527^|^Linienstrase
484^|^Dusseldorf^|^Germany^|^40880^|^NorthRhine-Westphalia^|^45189528^|^Linienstrase
485^|^Munich^|^Germany^|^40880^|^Bavaria^|^45189529^|^Oststrase
486^|^Munich^|^Germany^|^40880^|^Bavaria^|^45189530^|^Oststrase
487^|^Dusseldorf^|^Germany^|^40880^|^NorthRhine-Westphalia^|^45189531^|^Linienstrase
488^|^Munich^|^Germany^|^40880^|^Bavaria^|^45189532^|^Oststrase
489^|^Munich^|^Germany^|^40880^|^Bavaria^|^45189533^|^Oststrase
490^|^Frankfurt^|^Germany^|^40880^|^Hesse^|^45189534^|^Nordstrase
491^|^Berlin^|^Germany^|^40880^|^Brandenburg^|^45189535^|^Koningsallee
492^|^Berlin^|^Germany^|^40880^|^Brandenburg^|^45189536^|^Koningsallee
493^|^Berlin^|^Germany^|^40880^|^Brandenburg^|^45189537^|^Koningsallee
494^|^Berlin^|^Germany^|^40880^|^Brandenburg^|^45189538^|^Koningsallee
495^|^Frankfurt^|^Germany^|^40880^|^Hesse^|^45189539^|^Nordstrase
496^|^Berlin^|^Germany^|^40880^|^Brandenburg^|^45189540^|^Koningsallee
497^|^Dusseldorf^|^Germany^|^40880^|^NorthRhine-Westphalia^|^45189541^|^Linienstrase
498^|^Munich^|^Germany^|^40880^|^Bavaria^|^45189542^|^Oststrase
499^|^Dusseldorf^|^Germany^|^40880^|^NorthRhine-Westphalia^|^45189543^|^Linienstrase
500^|^Berlin^|^Germany^|^40880^|^Brandenburg^|^45189544^|^Koningsallee
501^|^Dusseldorf^|^Germany^|^40880^|^NorthRhine-Westphalia^|^45189545^|^Linienstrase
502^|^Munich^|^Germany^|^40880^|^Bavaria^|^45189546^|^Oststrase
503^|^Munich^|^Germany^|^40880^|^Bavaria^|^45189547^|^Oststrase
504^|^Munich^|^Germany^|^40880^|^Bavaria^|^45189548^|^Oststrase
505^|^Dusseldorf^|^Germany^|^40880^|^NorthRhine-Westphalia^|^45189549^|^Linienstrase
506^|^Dusseldorf^|^Germany^|^40880^|^NorthRhine-Westphalia^|^45189550^|^Linienstrase
507^|^Berlin^|^Germany^|^40880^|^Brandenburg^|^45189551^|^Koningsallee
508^|^Dusseldorf^|^Germany^|^40880^|^NorthRhine-Westphalia^|^45189552^|^Linienstrase
509^|^Berlin^|^Germany^|^40880^|^Brandenburg^|^45189553^|^Koningsallee
510^|^Dusseldorf^|^Germany^|^40880^|^NorthRhine-Westphalia^|^45189554^|^Linienstrase
511^|^Munich^|^Germany^|^40880^|^Bavaria^|^45189555^|^Oststrase
512^|^Munich^|^Germany^|^40880^|^Bavaria^|^45189556^|^Oststrase
513^|^Berlin^|^Germany^|^40880^|^Brandenburg^|^45189557^|^Koningsallee
514^|^Berlin^|^Germany^|^40880^|^Brandenburg^|^45189558^|^Koningsallee
515^|^Munich^|^Germany^|^40880^|^Bavaria^|^45189559^|^Oststrase
516^|^Dusseldorf^|^Germany^|^40880^|^NorthRhine-Westphalia^|^45189560^|^Linienstrase
517^|^Dusseldorf^|^Germany^|^40880^|^NorthRhine-Westphalia^|^45189561^|^Linienstrase
518^|^Frankfurt^|^Germany^|^40880^|^Hesse^|^45189562^|^Nordstrase
519^|^Berlin^|^Germany^|^40880^|^Brandenburg^|^45189563^|^Koningsallee
520^|^Dusseldorf^|^Germany^|^40880^|^NorthRhine-Westphalia^|^45189564^|^Linienstrase
521^|^Berlin^|^Germany^|^40880^|^Brandenburg^|^45189565^|^Koningsallee
522^|^Munich^|^Germany^|^40880^|^Bavaria^|^45189566^|^Oststrase
523^|^Frankfurt^|^Germany^|^40880^|^Hesse^|^45189567^|^Nordstrase
524^|^Berlin^|^Germany^|^40880^|^Brandenburg^|^45189568^|^Koningsallee
525^|^Munich^|^Germany^|^40880^|^Bavaria^|^45189569^|^Oststrase
526^|^Munich^|^Germany^|^40880^|^Bavaria^|^45189570^|^Oststrase
527^|^Berlin^|^Germany^|^40880^|^Brandenburg^|^45189571^|^Koningsallee
528^|^Dusseldorf^|^Germany^|^40880^|^NorthRhine-Westphalia^|^45189572^|^Linienstrase
529^|^Frankfurt^|^Germany^|^40880^|^Hesse^|^45189573^|^Nordstrase
530^|^Dusseldorf^|^Germany^|^40880^|^NorthRhine-Westphalia^|^45189574^|^Linienstrase
531^|^Munich^|^Germany^|^40880^|^Bavaria^|^45189575^|^Oststrase
532^|^Munich^|^Germany^|^40880^|^Bavaria^|^45189576^|^Oststrase
533^|^Berlin^|^Germany^|^40880^|^Brandenburg^|^45189577^|^Koningsallee
534^|^Frankfurt^|^Germany^|^40880^|^Hesse^|^45189578^|^Nordstrase
535^|^Dusseldorf^|^Germany^|^40880^|^NorthRhine-Westphalia^|^45189579^|^Linienstrase
536^|^Munich^|^Germany^|^40880^|^Bavaria^|^45189580^|^Oststrase
537^|^Berlin^|^Germany^|^40880^|^Brandenburg^|^45189581^|^Koningsallee
538^|^Frankfurt^|^Germany^|^40880^|^Hesse^|^45189582^|^Nordstrase
539^|^Berlin^|^Germany^|^40880^|^Brandenburg^|^45189583^|^Koningsallee
540^|^Munich^|^Germany^|^40880^|^Bavaria^|^45189584^|^Oststrase
541^|^Frankfurt^|^Germany^|^40880^|^Hesse^|^45189585^|^Nordstrase
542^|^Berlin^|^Germany^|^40880^|^Brandenburg^|^45189586^|^Koningsallee
543^|^Berlin^|^Germany^|^40880^|^Brandenburg^|^45189587^|^Koningsallee
544^|^Dusseldorf^|^Germany^|^40880^|^NorthRhine-Westphalia^|^45189588^|^Linienstrase
545^|^Dusseldorf^|^Germany^|^40880^|^NorthRhine-Westphalia^|^45189589^|^Linienstrase
546^|^Berlin^|^Germany^|^40880^|^Brandenburg^|^45189590^|^Koningsallee
547^|^Berlin^|^Germany^|^40880^|^Brandenburg^|^45189591^|^Koningsallee
548^|^Berlin^|^Germany^|^40880^|^Brandenburg^|^45189592^|^Koningsallee
549^|^Berlin^|^Germany^|^40880^|^Brandenburg^|^45189593^|^Koningsallee
550^|^Berlin^|^Germany^|^40880^|^Brandenburg^|^45189594^|^Koningsallee
551^|^Munich^|^Germany^|^40880^|^Bavaria^|^45189595^|^Oststrase
552^|^Munich^|^Germany^|^40880^|^Bavaria^|^45189596^|^Oststrase
553^|^Berlin^|^Germany^|^40880^|^Brandenburg^|^45189597^|^Koningsallee
554^|^Munich^|^Germany^|^40880^|^Bavaria^|^45189598^|^Oststrase
555^|^Frankfurt^|^Germany^|^40880^|^Hesse^|^45189599^|^Nordstrase
556^|^Berlin^|^Germany^|^40880^|^Brandenburg^|^45189600^|^Koningsallee
557^|^Frankfurt^|^Germany^|^40880^|^Hesse^|^45189601^|^Nordstrase
558^|^Munich^|^Germany^|^40880^|^Bavaria^|^45189602^|^Oststrase
559^|^Dusseldorf^|^Germany^|^40880^|^NorthRhine-Westphalia^|^45189603^|^Linienstrase
560^|^Dusseldorf^|^Germany^|^40880^|^NorthRhine-Westphalia^|^45189604^|^Linienstrase
561^|^Berlin^|^Germany^|^40880^|^Brandenburg^|^45189605^|^Koningsallee
562^|^Munich^|^Germany^|^40880^|^Bavaria^|^45189606^|^Oststrase
563^|^Berlin^|^Germany^|^40880^|^Brandenburg^|^45189607^|^Koningsallee
564^|^Dusseldorf^|^Germany^|^40880^|^NorthRhine-Westphalia^|^45189608^|^Linienstrase
565^|^Dusseldorf^|^Germany^|^40880^|^NorthRhine-Westphalia^|^45189609^|^Linienstrase
566^|^Frankfurt^|^Germany^|^40880^|^Hesse^|^45189610^|^Nordstrase
567^|^Berlin^|^Germany^|^40880^|^Brandenburg^|^45189611^|^Koningsallee
568^|^Dusseldorf^|^Germany^|^40880^|^NorthRhine-Westphalia^|^45189612^|^Linienstrase
569^|^Frankfurt^|^Germany^|^40880^|^Hesse^|^45189613^|^Nordstrase
570^|^Dusseldorf^|^Germany^|^40880^|^NorthRhine-Westphalia^|^45189614^|^Linienstrase
571^|^Berlin^|^Germany^|^40880^|^Brandenburg^|^45189615^|^Koningsallee
572^|^Dusseldorf^|^Germany^|^40880^|^NorthRhine-Westphalia^|^45189616^|^Linienstrase
573^|^Frankfurt^|^Germany^|^40880^|^Hesse^|^45189617^|^Nordstrase
574^|^Frankfurt^|^Germany^|^40880^|^Hesse^|^45189618^|^Nordstrase
575^|^Dusseldorf^|^Germany^|^40880^|^NorthRhine-Westphalia^|^45189619^|^Linienstrase
576^|^Munich^|^Germany^|^40880^|^Bavaria^|^45189620^|^Oststrase
577^|^Dusseldorf^|^Germany^|^40880^|^NorthRhine-Westphalia^|^45189621^|^Linienstrase
578^|^Berlin^|^Germany^|^40880^|^Brandenburg^|^45189622^|^Koningsallee
579^|^Berlin^|^Germany^|^40880^|^Brandenburg^|^45189623^|^Koningsallee
580^|^Berlin^|^Germany^|^40880^|^Brandenburg^|^45189624^|^Koningsallee
581^|^Dusseldorf^|^Germany^|^40880^|^NorthRhine-Westphalia^|^45189625^|^Linienstrase
582^|^Frankfurt^|^Germany^|^40880^|^Hesse^|^45189626^|^Nordstrase
583^|^Berlin^|^Germany^|^40880^|^Brandenburg^|^45189627^|^Koningsallee
584^|^Dusseldorf^|^Germany^|^40880^|^NorthRhine-Westphalia^|^45189628^|^Linienstrase
585^|^Frankfurt^|^Germany^|^40880^|^Hesse^|^45189629^|^Nordstrase
586^|^Berlin^|^Germany^|^40880^|^Brandenburg^|^45189630^|^Koningsallee
587^|^Berlin^|^Germany^|^40880^|^Brandenburg^|^45189631^|^Koningsallee
588^|^Frankfurt^|^Germany^|^40880^|^Hesse^|^45189632^|^Nordstrase
589^|^Berlin^|^Germany^|^40880^|^Brandenburg^|^45189633^|^Koningsallee
590^|^Berlin^|^Germany^|^40880^|^Brandenburg^|^45189634^|^Koningsallee
591^|^Frankfurt^|^Germany^|^40880^|^Hesse^|^45189635^|^Nordstrase
592^|^Dusseldorf^|^Germany^|^40880^|^NorthRhine-Westphalia^|^45189636^|^Linienstrase
593^|^Berlin^|^Germany^|^40880^|^Brandenburg^|^45189637^|^Koningsallee
594^|^Munich^|^Germany^|^40880^|^Bavaria^|^45189638^|^Oststrase
595^|^Dusseldorf^|^Germany^|^40880^|^NorthRhine-Westphalia^|^45189639^|^Linienstrase
596^|^Dusseldorf^|^Germany^|^40880^|^NorthRhine-Westphalia^|^45189640^|^Linienstrase
597^|^Berlin^|^Germany^|^40880^|^Brandenburg^|^45189641^|^Koningsallee
598^|^Munich^|^Germany^|^40880^|^Bavaria^|^45189642^|^Oststrase
599^|^Berlin^|^Germany^|^40880^|^Brandenburg^|^45189643^|^Koningsallee
600^|^Berlin^|^Germany^|^40880^|^Brandenburg^|^45189644^|^Koningsallee
601^|^Dusseldorf^|^Germany^|^40880^|^NorthRhine-Westphalia^|^45189645^|^Linienstrase
602^|^Berlin^|^Germany^|^40880^|^Brandenburg^|^45189646^|^Koningsallee
603^|^Dusseldorf^|^Germany^|^40880^|^NorthRhine-Westphalia^|^45189647^|^Linienstrase
604^|^Dusseldorf^|^Germany^|^40880^|^NorthRhine-Westphalia^|^45189648^|^Linienstrase
605^|^Munich^|^Germany^|^40880^|^Bavaria^|^45189649^|^Oststrase
606^|^Dusseldorf^|^Germany^|^40880^|^NorthRhine-Westphalia^|^45189650^|^Linienstrase
607^|^Dusseldorf^|^Germany^|^40880^|^NorthRhine-Westphalia^|^45189651^|^Linienstrase
608^|^Frankfurt^|^Germany^|^40880^|^Hesse^|^45189652^|^Nordstrase
609^|^Munich^|^Germany^|^40880^|^Bavaria^|^45189653^|^Oststrase
610^|^Dusseldorf^|^Germany^|^40880^|^NorthRhine-Westphalia^|^45189654^|^Linienstrase
611^|^Frankfurt^|^Germany^|^40880^|^Hesse^|^45189655^|^Nordstrase
612^|^Munich^|^Germany^|^40880^|^Bavaria^|^45189656^|^Oststrase
613^|^Munich^|^Germany^|^40880^|^Bavaria^|^45189657^|^Oststrase
614^|^Frankfurt^|^Germany^|^40880^|^Hesse^|^45189658^|^Nordstrase
615^|^Frankfurt^|^Germany^|^40880^|^Hesse^|^45189659^|^Nordstrase
616^|^Munich^|^Germany^|^40880^|^Bavaria^|^45189660^|^Oststrase
617^|^Frankfurt^|^Germany^|^40880^|^Hesse^|^45189661^|^Nordstrase
618^|^Frankfurt^|^Germany^|^40880^|^Hesse^|^45189662^|^Nordstrase
619^|^Frankfurt^|^Germany^|^40880^|^Hesse^|^45189663^|^Nordstrase
620^|^Dusseldorf^|^Germany^|^40880^|^NorthRhine-Westphalia^|^45189664^|^Linienstrase
621^|^Dusseldorf^|^Germany^|^40880^|^NorthRhine-Westphalia^|^45189665^|^Linienstrase
622^|^Munich^|^Germany^|^40880^|^Bavaria^|^45189666^|^Oststrase
623^|^Munich^|^Germany^|^40880^|^Bavaria^|^45189667^|^Oststrase
624^|^Frankfurt^|^Germany^|^40880^|^Hesse^|^45189668^|^Nordstrase
625^|^Dusseldorf^|^Germany^|^40880^|^NorthRhine-Westphalia^|^45189669^|^Linienstrase
626^|^Dusseldorf^|^Germany^|^40880^|^NorthRhine-Westphalia^|^45189670^|^Linienstrase
627^|^Frankfurt^|^Germany^|^40880^|^Hesse^|^45189671^|^Nordstrase
628^|^Munich^|^Germany^|^40880^|^Bavaria^|^45189672^|^Oststrase
629^|^Munich^|^Germany^|^40880^|^Bavaria^|^45189673^|^Oststrase
630^|^Dusseldorf^|^Germany^|^40880^|^NorthRhine-Westphalia^|^45189674^|^Linienstrase
631^|^Munich^|^Germany^|^40880^|^Bavaria^|^45189675^|^Oststrase
632^|^Berlin^|^Germany^|^40880^|^Brandenburg^|^45189676^|^Koningsallee
633^|^Berlin^|^Germany^|^40880^|^Brandenburg^|^45189677^|^Koningsallee
634^|^Munich^|^Germany^|^40880^|^Bavaria^|^45189678^|^Oststrase
635^|^Dusseldorf^|^Germany^|^40880^|^NorthRhine-Westphalia^|^45189679^|^Linienstrase
636^|^Berlin^|^Germany^|^40880^|^Brandenburg^|^45189680^|^Koningsallee
637^|^Frankfurt^|^Germany^|^40880^|^Hesse^|^45189681^|^Nordstrase
638^|^Frankfurt^|^Germany^|^40880^|^Hesse^|^45189682^|^Nordstrase
639^|^Munich^|^Germany^|^40880^|^Bavaria^|^45189683^|^Oststrase
640^|^Munich^|^Germany^|^40880^|^Bavaria^|^45189684^|^Oststrase
641^|^Munich^|^Germany^|^40880^|^Bavaria^|^45189685^|^Oststrase
642^|^Dusseldorf^|^Germany^|^40880^|^NorthRhine-Westphalia^|^45189686^|^Linienstrase
643^|^Munich^|^Germany^|^40880^|^Bavaria^|^45189687^|^Oststrase
644^|^Berlin^|^Germany^|^40880^|^Brandenburg^|^45189688^|^Koningsallee
645^|^Dusseldorf^|^Germany^|^40880^|^NorthRhine-Westphalia^|^45189689^|^Linienstrase
646^|^Munich^|^Germany^|^40880^|^Bavaria^|^45189690^|^Oststrase
647^|^Dusseldorf^|^Germany^|^40880^|^NorthRhine-Westphalia^|^45189691^|^Linienstrase
648^|^Berlin^|^Germany^|^40880^|^Brandenburg^|^45189692^|^Koningsallee
649^|^Dusseldorf^|^Germany^|^40880^|^NorthRhine-Westphalia^|^45189693^|^Linienstrase
650^|^Berlin^|^Germany^|^40880^|^Brandenburg^|^45189694^|^Koningsallee
651^|^Berlin^|^Germany^|^40880^|^Brandenburg^|^45189695^|^Koningsallee
652^|^Dusseldorf^|^Germany^|^40880^|^NorthRhine-Westphalia^|^45189696^|^Linienstrase
653^|^Berlin^|^Germany^|^40880^|^Brandenburg^|^45189697^|^Koningsallee
654^|^Munich^|^Germany^|^40880^|^Bavaria^|^45189698^|^Oststrase
655^|^Dusseldorf^|^Germany^|^40880^|^NorthRhine-Westphalia^|^45189699^|^Linienstrase
656^|^Dusseldorf^|^Germany^|^40880^|^NorthRhine-Westphalia^|^45189700^|^Linienstrase
657^|^Berlin^|^Germany^|^40880^|^Brandenburg^|^45189701^|^Koningsallee
658^|^Dusseldorf^|^Germany^|^40880^|^NorthRhine-Westphalia^|^45189702^|^Linienstrase
659^|^Frankfurt^|^Germany^|^40880^|^Hesse^|^45189703^|^Nordstrase
660^|^Frankfurt^|^Germany^|^40880^|^Hesse^|^45189704^|^Nordstrase
661^|^Berlin^|^Germany^|^40880^|^Brandenburg^|^45189705^|^Koningsallee
662^|^Dusseldorf^|^Germany^|^40880^|^NorthRhine-Westphalia^|^45189706^|^Linienstrase
663^|^Berlin^|^Germany^|^40880^|^Brandenburg^|^45189707^|^Koningsallee
664^|^Munich^|^Germany^|^40880^|^Bavaria^|^45189708^|^Oststrase
665^|^Dusseldorf^|^Germany^|^40880^|^NorthRhine-Westphalia^|^45189709^|^Linienstrase
666^|^Frankfurt^|^Germany^|^40880^|^Hesse^|^45189710^|^Nordstrase
667^|^Munich^|^Germany^|^40880^|^Bavaria^|^45189711^|^Oststrase
668^|^Munich^|^Germany^|^40880^|^Bavaria^|^45189712^|^Oststrase
669^|^Berlin^|^Germany^|^40880^|^Brandenburg^|^45189713^|^Koningsallee
670^|^Frankfurt^|^Germany^|^40880^|^Hesse^|^45189714^|^Nordstrase
671^|^Frankfurt^|^Germany^|^40880^|^Hesse^|^45189715^|^Nordstrase
672^|^Dusseldorf^|^Germany^|^40880^|^NorthRhine-Westphalia^|^45189716^|^Linienstrase
673^|^Munich^|^Germany^|^40880^|^Bavaria^|^45189717^|^Oststrase
674^|^Frankfurt^|^Germany^|^40880^|^Hesse^|^45189718^|^Nordstrase
675^|^Dusseldorf^|^Germany^|^40880^|^NorthRhine-Westphalia^|^45189719^|^Linienstrase
676^|^Berlin^|^Germany^|^40880^|^Brandenburg^|^45189720^|^Koningsallee
677^|^Frankfurt^|^Germany^|^40880^|^Hesse^|^45189721^|^Nordstrase
678^|^Munich^|^Germany^|^40880^|^Bavaria^|^45189722^|^Oststrase
679^|^Dusseldorf^|^Germany^|^40880^|^NorthRhine-Westphalia^|^45189723^|^Linienstrase
680^|^Dusseldorf^|^Germany^|^40880^|^NorthRhine-Westphalia^|^45189724^|^Linienstrase
681^|^Munich^|^Germany^|^40880^|^Bavaria^|^45189725^|^Oststrase
682^|^Frankfurt^|^Germany^|^40880^|^Hesse^|^45189726^|^Nordstrase
683^|^Munich^|^Germany^|^40880^|^Bavaria^|^45189727^|^Oststrase
684^|^Munich^|^Germany^|^40880^|^Bavaria^|^45189728^|^Oststrase
685^|^Frankfurt^|^Germany^|^40880^|^Hesse^|^45189729^|^Nordstrase
686^|^Frankfurt^|^Germany^|^40880^|^Hesse^|^45189730^|^Nordstrase
687^|^Munich^|^Germany^|^40880^|^Bavaria^|^45189731^|^Oststrase
688^|^Munich^|^Germany^|^40880^|^Bavaria^|^45189732^|^Oststrase
689^|^Frankfurt^|^Germany^|^40880^|^Hesse^|^45189733^|^Nordstrase
690^|^Munich^|^Germany^|^40880^|^Bavaria^|^45189734^|^Oststrase
691^|^Berlin^|^Germany^|^40880^|^Brandenburg^|^45189735^|^Koningsallee
692^|^Berlin^|^Germany^|^40880^|^Brandenburg^|^45189736^|^Koningsallee
693^|^Munich^|^Germany^|^40880^|^Bavaria^|^45189737^|^Oststrase
694^|^Dusseldorf^|^Germany^|^40880^|^NorthRhine-Westphalia^|^45189738^|^Linienstrase
695^|^Frankfurt^|^Germany^|^40880^|^Hesse^|^45189739^|^Nordstrase
696^|^Dusseldorf^|^Germany^|^40880^|^NorthRhine-Westphalia^|^45189740^|^Linienstrase
697^|^Dusseldorf^|^Germany^|^40880^|^NorthRhine-Westphalia^|^45189741^|^Linienstrase
698^|^Frankfurt^|^Germany^|^40880^|^Hesse^|^45189742^|^Nordstrase
699^|^Berlin^|^Germany^|^40880^|^Brandenburg^|^45189743^|^Koningsallee
700^|^Frankfurt^|^Germany^|^40880^|^Hesse^|^45189744^|^Nordstrase
701^|^Dusseldorf^|^Germany^|^40880^|^NorthRhine-Westphalia^|^45189745^|^Linienstrase
702^|^Munich^|^Germany^|^40880^|^Bavaria^|^45189746^|^Oststrase
703^|^Munich^|^Germany^|^40880^|^Bavaria^|^45189747^|^Oststrase
704^|^Munich^|^Germany^|^40880^|^Bavaria^|^45189748^|^Oststrase
705^|^Berlin^|^Germany^|^40880^|^Brandenburg^|^45189749^|^Koningsallee
706^|^Munich^|^Germany^|^40880^|^Bavaria^|^45189750^|^Oststrase
707^|^Berlin^|^Germany^|^40880^|^Brandenburg^|^45189751^|^Koningsallee
708^|^Dusseldorf^|^Germany^|^40880^|^NorthRhine-Westphalia^|^45189752^|^Linienstrase
709^|^Berlin^|^Germany^|^40880^|^Brandenburg^|^45189753^|^Koningsallee
710^|^Dusseldorf^|^Germany^|^40880^|^NorthRhine-Westphalia^|^45189754^|^Linienstrase
711^|^Dusseldorf^|^Germany^|^40880^|^NorthRhine-Westphalia^|^45189755^|^Linienstrase
712^|^Berlin^|^Germany^|^40880^|^Brandenburg^|^45189756^|^Koningsallee
713^|^Berlin^|^Germany^|^40880^|^Brandenburg^|^45189757^|^Koningsallee
714^|^Dusseldorf^|^Germany^|^40880^|^NorthRhine-Westphalia^|^45189758^|^Linienstrase
715^|^Frankfurt^|^Germany^|^40880^|^Hesse^|^45189759^|^Nordstrase
716^|^Munich^|^Germany^|^40880^|^Bavaria^|^45189760^|^Oststrase
717^|^Munich^|^Germany^|^40880^|^Bavaria^|^45189761^|^Oststrase
718^|^Berlin^|^Germany^|^40880^|^Brandenburg^|^45189762^|^Koningsallee
719^|^Frankfurt^|^Germany^|^40880^|^Hesse^|^45189763^|^Nordstrase
720^|^Frankfurt^|^Germany^|^40880^|^Hesse^|^45189764^|^Nordstrase
721^|^Berlin^|^Germany^|^40880^|^Brandenburg^|^45189765^|^Koningsallee
722^|^Dusseldorf^|^Germany^|^40880^|^NorthRhine-Westphalia^|^45189766^|^Linienstrase
723^|^Berlin^|^Germany^|^40880^|^Brandenburg^|^45189767^|^Koningsallee
724^|^Munich^|^Germany^|^40880^|^Bavaria^|^45189768^|^Oststrase
725^|^Munich^|^Germany^|^40880^|^Bavaria^|^45189769^|^Oststrase
726^|^Dusseldorf^|^Germany^|^40880^|^NorthRhine-Westphalia^|^45189770^|^Linienstrase
727^|^Berlin^|^Germany^|^40880^|^Brandenburg^|^45189771^|^Koningsallee
728^|^Berlin^|^Germany^|^40880^|^Brandenburg^|^45189772^|^Koningsallee
729^|^Frankfurt^|^Germany^|^40880^|^Hesse^|^45189773^|^Nordstrase
730^|^Munich^|^Germany^|^40880^|^Bavaria^|^45189774^|^Oststrase
731^|^Munich^|^Germany^|^40880^|^Bavaria^|^45189775^|^Oststrase
732^|^Berlin^|^Germany^|^40880^|^Brandenburg^|^45189776^|^Koningsallee
733^|^Munich^|^Germany^|^40880^|^Bavaria^|^45189777^|^Oststrase
734^|^Munich^|^Germany^|^40880^|^Bavaria^|^45189778^|^Oststrase
735^|^Munich^|^Germany^|^40880^|^Bavaria^|^45189779^|^Oststrase
736^|^Munich^|^Germany^|^40880^|^Bavaria^|^45189780^|^Oststrase
737^|^Dusseldorf^|^Germany^|^40880^|^NorthRhine-Westphalia^|^45189781^|^Linienstrase
738^|^Berlin^|^Germany^|^40880^|^Brandenburg^|^45189782^|^Koningsallee
739^|^Berlin^|^Germany^|^40880^|^Brandenburg^|^45189783^|^Koningsallee
740^|^Berlin^|^Germany^|^40880^|^Brandenburg^|^45189784^|^Koningsallee
741^|^Dusseldorf^|^Germany^|^40880^|^NorthRhine-Westphalia^|^45189785^|^Linienstrase
742^|^Dusseldorf^|^Germany^|^40880^|^NorthRhine-Westphalia^|^45189786^|^Linienstrase
743^|^Frankfurt^|^Germany^|^40880^|^Hesse^|^45189787^|^Nordstrase
744^|^Dusseldorf^|^Germany^|^40880^|^NorthRhine-Westphalia^|^45189788^|^Linienstrase
745^|^Munich^|^Germany^|^40880^|^Bavaria^|^45189789^|^Oststrase
746^|^Berlin^|^Germany^|^40880^|^Brandenburg^|^45189790^|^Koningsallee
747^|^Berlin^|^Germany^|^40880^|^Brandenburg^|^45189791^|^Koningsallee
748^|^Frankfurt^|^Germany^|^40880^|^Hesse^|^45189792^|^Nordstrase
749^|^Berlin^|^Germany^|^40880^|^Brandenburg^|^45189793^|^Koningsallee
750^|^Frankfurt^|^Germany^|^40880^|^Hesse^|^45189794^|^Nordstrase
751^|^Berlin^|^Germany^|^40880^|^Brandenburg^|^45189795^|^Koningsallee
752^|^Frankfurt^|^Germany^|^40880^|^Hesse^|^45189796^|^Nordstrase
753^|^Berlin^|^Germany^|^40880^|^Brandenburg^|^45189797^|^Koningsallee
754^|^Munich^|^Germany^|^40880^|^Bavaria^|^45189798^|^Oststrase
755^|^Berlin^|^Germany^|^40880^|^Brandenburg^|^45189799^|^Koningsallee
756^|^Berlin^|^Germany^|^40880^|^Brandenburg^|^45189800^|^Koningsallee
757^|^Frankfurt^|^Germany^|^40880^|^Hesse^|^45189801^|^Nordstrase
758^|^Munich^|^Germany^|^40880^|^Bavaria^|^45189802^|^Oststrase
759^|^Munich^|^Germany^|^40880^|^Bavaria^|^45189803^|^Oststrase
760^|^Berlin^|^Germany^|^40880^|^Brandenburg^|^45189804^|^Koningsallee
761^|^Frankfurt^|^Germany^|^40880^|^Hesse^|^45189805^|^Nordstrase
762^|^Frankfurt^|^Germany^|^40880^|^Hesse^|^45189806^|^Nordstrase
763^|^Dusseldorf^|^Germany^|^40880^|^NorthRhine-Westphalia^|^45189807^|^Linienstrase
764^|^Munich^|^Germany^|^40880^|^Bavaria^|^45189808^|^Oststrase
765^|^Frankfurt^|^Germany^|^40880^|^Hesse^|^45189809^|^Nordstrase
766^|^Munich^|^Germany^|^40880^|^Bavaria^|^45189810^|^Oststrase
767^|^Frankfurt^|^Germany^|^40880^|^Hesse^|^45189811^|^Nordstrase
768^|^Frankfurt^|^Germany^|^40880^|^Hesse^|^45189812^|^Nordstrase
769^|^Munich^|^Germany^|^40880^|^Bavaria^|^45189813^|^Oststrase
770^|^Munich^|^Germany^|^40880^|^Bavaria^|^45189814^|^Oststrase
771^|^Munich^|^Germany^|^40880^|^Bavaria^|^45189815^|^Oststrase
772^|^Munich^|^Germany^|^40880^|^Bavaria^|^45189816^|^Oststrase
773^|^Berlin^|^Germany^|^40880^|^Brandenburg^|^45189817^|^Koningsallee
774^|^Munich^|^Germany^|^40880^|^Bavaria^|^45189818^|^Oststrase
775^|^Frankfurt^|^Germany^|^40880^|^Hesse^|^45189819^|^Nordstrase
776^|^Munich^|^Germany^|^40880^|^Bavaria^|^45189820^|^Oststrase
777^|^Frankfurt^|^Germany^|^40880^|^Hesse^|^45189821^|^Nordstrase
778^|^Berlin^|^Germany^|^40880^|^Brandenburg^|^45189822^|^Koningsallee
779^|^Frankfurt^|^Germany^|^40880^|^Hesse^|^45189823^|^Nordstrase
780^|^Dusseldorf^|^Germany^|^40880^|^NorthRhine-Westphalia^|^45189824^|^Linienstrase
781^|^Munich^|^Germany^|^40880^|^Bavaria^|^45189825^|^Oststrase
782^|^Berlin^|^Germany^|^40880^|^Brandenburg^|^45189826^|^Koningsallee
783^|^Frankfurt^|^Germany^|^40880^|^Hesse^|^45189827^|^Nordstrase
784^|^Munich^|^Germany^|^40880^|^Bavaria^|^45189828^|^Oststrase
785^|^Berlin^|^Germany^|^40880^|^Brandenburg^|^45189829^|^Koningsallee
786^|^Dusseldorf^|^Germany^|^40880^|^NorthRhine-Westphalia^|^45189830^|^Linienstrase
787^|^Dusseldorf^|^Germany^|^40880^|^NorthRhine-Westphalia^|^45189831^|^Linienstrase
788^|^Munich^|^Germany^|^40880^|^Bavaria^|^45189832^|^Oststrase
789^|^Munich^|^Germany^|^40880^|^Bavaria^|^45189833^|^Oststrase
790^|^Frankfurt^|^Germany^|^40880^|^Hesse^|^45189834^|^Nordstrase
791^|^Berlin^|^Germany^|^40880^|^Brandenburg^|^45189835^|^Koningsallee
792^|^Dusseldorf^|^Germany^|^40880^|^NorthRhine-Westphalia^|^45189836^|^Linienstrase
793^|^Frankfurt^|^Germany^|^40880^|^Hesse^|^45189837^|^Nordstrase
794^|^Munich^|^Germany^|^40880^|^Bavaria^|^45189838^|^Oststrase
795^|^Berlin^|^Germany^|^40880^|^Brandenburg^|^45189839^|^Koningsallee
796^|^Munich^|^Germany^|^40880^|^Bavaria^|^45189840^|^Oststrase
797^|^Munich^|^Germany^|^40880^|^Bavaria^|^45189841^|^Oststrase
798^|^Munich^|^Germany^|^40880^|^Bavaria^|^45189842^|^Oststrase
799^|^Dusseldorf^|^Germany^|^40880^|^NorthRhine-Westphalia^|^45189843^|^Linienstrase
800^|^Frankfurt^|^Germany^|^40880^|^Hesse^|^45189844^|^Nordstrase
801^|^Dusseldorf^|^Germany^|^40880^|^NorthRhine-Westphalia^|^45189845^|^Linienstrase
802^|^Berlin^|^Germany^|^40880^|^Brandenburg^|^45189846^|^Koningsallee
803^|^Dusseldorf^|^Germany^|^40880^|^NorthRhine-Westphalia^|^45189847^|^Linienstrase
804^|^Munich^|^Germany^|^40880^|^Bavaria^|^45189848^|^Oststrase
805^|^Munich^|^Germany^|^40880^|^Bavaria^|^45189849^|^Oststrase
806^|^Dusseldorf^|^Germany^|^40880^|^NorthRhine-Westphalia^|^45189850^|^Linienstrase
807^|^Berlin^|^Germany^|^40880^|^Brandenburg^|^45189851^|^Koningsallee
808^|^Frankfurt^|^Germany^|^40880^|^Hesse^|^45189852^|^Nordstrase
809^|^Dusseldorf^|^Germany^|^40880^|^NorthRhine-Westphalia^|^45189853^|^Linienstrase
810^|^Munich^|^Germany^|^40880^|^Bavaria^|^45189854^|^Oststrase
811^|^Munich^|^Germany^|^40880^|^Bavaria^|^45189855^|^Oststrase
812^|^Frankfurt^|^Germany^|^40880^|^Hesse^|^45189856^|^Nordstrase
813^|^Berlin^|^Germany^|^40880^|^Brandenburg^|^45189857^|^Koningsallee
814^|^Frankfurt^|^Germany^|^40880^|^Hesse^|^45189858^|^Nordstrase
815^|^Frankfurt^|^Germany^|^40880^|^Hesse^|^45189859^|^Nordstrase
816^|^Frankfurt^|^Germany^|^40880^|^Hesse^|^45189860^|^Nordstrase
817^|^Berlin^|^Germany^|^40880^|^Brandenburg^|^45189861^|^Koningsallee
818^|^Frankfurt^|^Germany^|^40880^|^Hesse^|^45189862^|^Nordstrase
819^|^Berlin^|^Germany^|^40880^|^Brandenburg^|^45189863^|^Koningsallee
820^|^Frankfurt^|^Germany^|^40880^|^Hesse^|^45189864^|^Nordstrase
821^|^Frankfurt^|^Germany^|^40880^|^Hesse^|^45189865^|^Nordstrase
822^|^Dusseldorf^|^Germany^|^40880^|^NorthRhine-Westphalia^|^45189866^|^Linienstrase
823^|^Berlin^|^Germany^|^40880^|^Brandenburg^|^45189867^|^Koningsallee
824^|^Berlin^|^Germany^|^40880^|^Brandenburg^|^45189868^|^Koningsallee
825^|^Frankfurt^|^Germany^|^40880^|^Hesse^|^45189869^|^Nordstrase
826^|^Frankfurt^|^Germany^|^40880^|^Hesse^|^45189870^|^Nordstrase
827^|^Berlin^|^Germany^|^40880^|^Brandenburg^|^45189871^|^Koningsallee
828^|^Dusseldorf^|^Germany^|^40880^|^NorthRhine-Westphalia^|^45189872^|^Linienstrase
829^|^Dusseldorf^|^Germany^|^40880^|^NorthRhine-Westphalia^|^45189873^|^Linienstrase
830^|^Berlin^|^Germany^|^40880^|^Brandenburg^|^45189874^|^Koningsallee
831^|^Berlin^|^Germany^|^40880^|^Brandenburg^|^45189875^|^Koningsallee
832^|^Dusseldorf^|^Germany^|^40880^|^NorthRhine-Westphalia^|^45189876^|^Linienstrase
833^|^Frankfurt^|^Germany^|^40880^|^Hesse^|^45189877^|^Nordstrase
834^|^Berlin^|^Germany^|^40880^|^Brandenburg^|^45189878^|^Koningsallee
835^|^Frankfurt^|^Germany^|^40880^|^Hesse^|^45189879^|^Nordstrase
836^|^Munich^|^Germany^|^40880^|^Bavaria^|^45189880^|^Oststrase
837^|^Berlin^|^Germany^|^40880^|^Brandenburg^|^45189881^|^Koningsallee
838^|^Frankfurt^|^Germany^|^40880^|^Hesse^|^45189882^|^Nordstrase
839^|^Munich^|^Germany^|^40880^|^Bavaria^|^45189883^|^Oststrase
840^|^Munich^|^Germany^|^40880^|^Bavaria^|^45189884^|^Oststrase
841^|^Berlin^|^Germany^|^40880^|^Brandenburg^|^45189885^|^Koningsallee
842^|^Dusseldorf^|^Germany^|^40880^|^NorthRhine-Westphalia^|^45189886^|^Linienstrase
843^|^Dusseldorf^|^Germany^|^40880^|^NorthRhine-Westphalia^|^45189887^|^Linienstrase
844^|^Berlin^|^Germany^|^40880^|^Brandenburg^|^45189888^|^Koningsallee
845^|^Dusseldorf^|^Germany^|^40880^|^NorthRhine-Westphalia^|^45189889^|^Linienstrase
846^|^Dusseldorf^|^Germany^|^40880^|^NorthRhine-Westphalia^|^45189890^|^Linienstrase
847^|^Frankfurt^|^Germany^|^40880^|^Hesse^|^45189891^|^Nordstrase
848^|^Frankfurt^|^Germany^|^40880^|^Hesse^|^45189892^|^Nordstrase
849^|^Munich^|^Germany^|^40880^|^Bavaria^|^45189893^|^Oststrase
850^|^Frankfurt^|^Germany^|^40880^|^Hesse^|^45189894^|^Nordstrase
851^|^Munich^|^Germany^|^40880^|^Bavaria^|^45189895^|^Oststrase
852^|^Berlin^|^Germany^|^40880^|^Brandenburg^|^45189896^|^Koningsallee
853^|^Berlin^|^Germany^|^40880^|^Brandenburg^|^45189897^|^Koningsallee
854^|^Berlin^|^Germany^|^40880^|^Brandenburg^|^45189898^|^Koningsallee
855^|^Munich^|^Germany^|^40880^|^Bavaria^|^45189899^|^Oststrase
856^|^Munich^|^Germany^|^40880^|^Bavaria^|^45189900^|^Oststrase
857^|^Frankfurt^|^Germany^|^40880^|^Hesse^|^45189901^|^Nordstrase
858^|^Frankfurt^|^Germany^|^40880^|^Hesse^|^45189902^|^Nordstrase
859^|^Munich^|^Germany^|^40880^|^Bavaria^|^45189903^|^Oststrase
860^|^Berlin^|^Germany^|^40880^|^Brandenburg^|^45189904^|^Koningsallee
861^|^Frankfurt^|^Germany^|^40880^|^Hesse^|^45189905^|^Nordstrase
862^|^Berlin^|^Germany^|^40880^|^Brandenburg^|^45189906^|^Koningsallee
863^|^Frankfurt^|^Germany^|^40880^|^Hesse^|^45189907^|^Nordstrase
864^|^Berlin^|^Germany^|^40880^|^Brandenburg^|^45189908^|^Koningsallee
865^|^Munich^|^Germany^|^40880^|^Bavaria^|^45189909^|^Oststrase
866^|^Berlin^|^Germany^|^40880^|^Brandenburg^|^45189910^|^Koningsallee
867^|^Munich^|^Germany^|^40880^|^Bavaria^|^45189911^|^Oststrase
868^|^Frankfurt^|^Germany^|^40880^|^Hesse^|^45189912^|^Nordstrase
869^|^Frankfurt^|^Germany^|^40880^|^Hesse^|^45189913^|^Nordstrase
870^|^Berlin^|^Germany^|^40880^|^Brandenburg^|^45189914^|^Koningsallee
871^|^Dusseldorf^|^Germany^|^40880^|^NorthRhine-Westphalia^|^45189915^|^Linienstrase
872^|^Dusseldorf^|^Germany^|^40880^|^NorthRhine-Westphalia^|^45189916^|^Linienstrase
873^|^Munich^|^Germany^|^40880^|^Bavaria^|^45189917^|^Oststrase
874^|^Munich^|^Germany^|^40880^|^Bavaria^|^45189918^|^Oststrase
875^|^Dusseldorf^|^Germany^|^40880^|^NorthRhine-Westphalia^|^45189919^|^Linienstrase
876^|^Frankfurt^|^Germany^|^40880^|^Hesse^|^45189920^|^Nordstrase
877^|^Munich^|^Germany^|^40880^|^Bavaria^|^45189921^|^Oststrase
878^|^Dusseldorf^|^Germany^|^40880^|^NorthRhine-Westphalia^|^45189922^|^Linienstrase
879^|^Berlin^|^Germany^|^40880^|^Brandenburg^|^45189923^|^Koningsallee
880^|^Munich^|^Germany^|^40880^|^Bavaria^|^45189924^|^Oststrase
881^|^Dusseldorf^|^Germany^|^40880^|^NorthRhine-Westphalia^|^45189925^|^Linienstrase
882^|^Dusseldorf^|^Germany^|^40880^|^NorthRhine-Westphalia^|^45189926^|^Linienstrase
883^|^Munich^|^Germany^|^40880^|^Bavaria^|^45189927^|^Oststrase
884^|^Munich^|^Germany^|^40880^|^Bavaria^|^45189928^|^Oststrase
885^|^Frankfurt^|^Germany^|^40880^|^Hesse^|^45189929^|^Nordstrase
886^|^Frankfurt^|^Germany^|^40880^|^Hesse^|^45189930^|^Nordstrase
887^|^Dusseldorf^|^Germany^|^40880^|^NorthRhine-Westphalia^|^45189931^|^Linienstrase
888^|^Berlin^|^Germany^|^40880^|^Brandenburg^|^45189932^|^Koningsallee
889^|^Berlin^|^Germany^|^40880^|^Brandenburg^|^45189933^|^Koningsallee
890^|^Berlin^|^Germany^|^40880^|^Brandenburg^|^45189934^|^Koningsallee
891^|^Berlin^|^Germany^|^40880^|^Brandenburg^|^45189935^|^Koningsallee
892^|^Dusseldorf^|^Germany^|^40880^|^NorthRhine-Westphalia^|^45189936^|^Linienstrase
893^|^Munich^|^Germany^|^40880^|^Bavaria^|^45189937^|^Oststrase
894^|^Frankfurt^|^Germany^|^40880^|^Hesse^|^45189938^|^Nordstrase
895^|^Dusseldorf^|^Germany^|^40880^|^NorthRhine-Westphalia^|^45189939^|^Linienstrase
896^|^Munich^|^Germany^|^40880^|^Bavaria^|^45189940^|^Oststrase
897^|^Frankfurt^|^Germany^|^40880^|^Hesse^|^45189941^|^Nordstrase
898^|^Frankfurt^|^Germany^|^40880^|^Hesse^|^45189942^|^Nordstrase
899^|^Berlin^|^Germany^|^40880^|^Brandenburg^|^45189943^|^Koningsallee
900^|^Frankfurt^|^Germany^|^40880^|^Hesse^|^45189944^|^Nordstrase
901^|^Berlin^|^Germany^|^40880^|^Brandenburg^|^45189945^|^Koningsallee
902^|^Frankfurt^|^Germany^|^40880^|^Hesse^|^45189946^|^Nordstrase
903^|^Frankfurt^|^Germany^|^40880^|^Hesse^|^45189947^|^Nordstrase
904^|^Dusseldorf^|^Germany^|^40880^|^NorthRhine-Westphalia^|^45189948^|^Linienstrase
905^|^Munich^|^Germany^|^40880^|^Bavaria^|^45189949^|^Oststrase
906^|^Dusseldorf^|^Germany^|^40880^|^NorthRhine-Westphalia^|^45189950^|^Linienstrase
907^|^Dusseldorf^|^Germany^|^40880^|^NorthRhine-Westphalia^|^45189951^|^Linienstrase
908^|^Dusseldorf^|^Germany^|^40880^|^NorthRhine-Westphalia^|^45189952^|^Linienstrase
909^|^Munich^|^Germany^|^40880^|^Bavaria^|^45189953^|^Oststrase
910^|^Munich^|^Germany^|^40880^|^Bavaria^|^45189954^|^Oststrase
911^|^Frankfurt^|^Germany^|^40880^|^Hesse^|^45189955^|^Nordstrase
912^|^Berlin^|^Germany^|^40880^|^Brandenburg^|^45189956^|^Koningsallee
913^|^Frankfurt^|^Germany^|^40880^|^Hesse^|^45189957^|^Nordstrase
914^|^Munich^|^Germany^|^40880^|^Bavaria^|^45189958^|^Oststrase
915^|^Munich^|^Germany^|^40880^|^Bavaria^|^45189959^|^Oststrase
916^|^Berlin^|^Germany^|^40880^|^Brandenburg^|^45189960^|^Koningsallee
917^|^Munich^|^Germany^|^40880^|^Bavaria^|^45189961^|^Oststrase
918^|^Munich^|^Germany^|^40880^|^Bavaria^|^45189962^|^Oststrase
919^|^Dusseldorf^|^Germany^|^40880^|^NorthRhine-Westphalia^|^45189963^|^Linienstrase
920^|^Berlin^|^Germany^|^40880^|^Brandenburg^|^45189964^|^Koningsallee
921^|^Dusseldorf^|^Germany^|^40880^|^NorthRhine-Westphalia^|^45189965^|^Linienstrase
922^|^Munich^|^Germany^|^40880^|^Bavaria^|^45189966^|^Oststrase
923^|^Frankfurt^|^Germany^|^40880^|^Hesse^|^45189967^|^Nordstrase
924^|^Frankfurt^|^Germany^|^40880^|^Hesse^|^45189968^|^Nordstrase
925^|^Munich^|^Germany^|^40880^|^Bavaria^|^45189969^|^Oststrase
926^|^Berlin^|^Germany^|^40880^|^Brandenburg^|^45189970^|^Koningsallee
927^|^Dusseldorf^|^Germany^|^40880^|^NorthRhine-Westphalia^|^45189971^|^Linienstrase
928^|^Frankfurt^|^Germany^|^40880^|^Hesse^|^45189972^|^Nordstrase
929^|^Berlin^|^Germany^|^40880^|^Brandenburg^|^45189973^|^Koningsallee
930^|^Dusseldorf^|^Germany^|^40880^|^NorthRhine-Westphalia^|^45189974^|^Linienstrase
931^|^Frankfurt^|^Germany^|^40880^|^Hesse^|^45189975^|^Nordstrase
932^|^Dusseldorf^|^Germany^|^40880^|^NorthRhine-Westphalia^|^45189976^|^Linienstrase
933^|^Dusseldorf^|^Germany^|^40880^|^NorthRhine-Westphalia^|^45189977^|^Linienstrase
934^|^Dusseldorf^|^Germany^|^40880^|^NorthRhine-Westphalia^|^45189978^|^Linienstrase
935^|^Frankfurt^|^Germany^|^40880^|^Hesse^|^45189979^|^Nordstrase
936^|^Frankfurt^|^Germany^|^40880^|^Hesse^|^45189980^|^Nordstrase
937^|^Munich^|^Germany^|^40880^|^Bavaria^|^45189981^|^Oststrase
938^|^Dusseldorf^|^Germany^|^40880^|^NorthRhine-Westphalia^|^45189982^|^Linienstrase
939^|^Frankfurt^|^Germany^|^40880^|^Hesse^|^45189983^|^Nordstrase
940^|^Frankfurt^|^Germany^|^40880^|^Hesse^|^45189984^|^Nordstrase
941^|^Dusseldorf^|^Germany^|^40880^|^NorthRhine-Westphalia^|^45189985^|^Linienstrase
942^|^Munich^|^Germany^|^40880^|^Bavaria^|^45189986^|^Oststrase
943^|^Frankfurt^|^Germany^|^40880^|^Hesse^|^45189987^|^Nordstrase
944^|^Frankfurt^|^Germany^|^40880^|^Hesse^|^45189988^|^Nordstrase
945^|^Munich^|^Germany^|^40880^|^Bavaria^|^45189989^|^Oststrase
946^|^Munich^|^Germany^|^40880^|^Bavaria^|^45189990^|^Oststrase
947^|^Dusseldorf^|^Germany^|^40880^|^NorthRhine-Westphalia^|^45189991^|^Linienstrase
948^|^Dusseldorf^|^Germany^|^40880^|^NorthRhine-Westphalia^|^45189992^|^Linienstrase
949^|^Munich^|^Germany^|^40880^|^Bavaria^|^45189993^|^Oststrase
950^|^Dusseldorf^|^Germany^|^40880^|^NorthRhine-Westphalia^|^45189994^|^Linienstrase
951^|^Munich^|^Germany^|^40880^|^Bavaria^|^45189995^|^Oststrase
952^|^Dusseldorf^|^Germany^|^40880^|^NorthRhine-Westphalia^|^45189996^|^Linienstrase
953^|^Berlin^|^Germany^|^40880^|^Brandenburg^|^45189997^|^Koningsallee
954^|^Berlin^|^Germany^|^40880^|^Brandenburg^|^45189998^|^Koningsallee
955^|^Berlin^|^Germany^|^40880^|^Brandenburg^|^45189999^|^Koningsallee
956^|^Munich^|^Germany^|^40880^|^Bavaria^|^45190000^|^Oststrase
957^|^Frankfurt^|^Germany^|^40880^|^Hesse^|^45190001^|^Nordstrase
958^|^Dusseldorf^|^Germany^|^40880^|^NorthRhine-Westphalia^|^45190002^|^Linienstrase
959^|^Munich^|^Germany^|^40880^|^Bavaria^|^45190003^|^Oststrase
960^|^Berlin^|^Germany^|^40880^|^Brandenburg^|^45190004^|^Koningsallee
961^|^Dusseldorf^|^Germany^|^40880^|^NorthRhine-Westphalia^|^45190005^|^Linienstrase
962^|^Frankfurt^|^Germany^|^40880^|^Hesse^|^45190006^|^Nordstrase
963^|^Berlin^|^Germany^|^40880^|^Brandenburg^|^45190007^|^Koningsallee
964^|^Dusseldorf^|^Germany^|^40880^|^NorthRhine-Westphalia^|^45190008^|^Linienstrase
965^|^Munich^|^Germany^|^40880^|^Bavaria^|^45190009^|^Oststrase
966^|^Berlin^|^Germany^|^40880^|^Brandenburg^|^45190010^|^Koningsallee
967^|^Dusseldorf^|^Germany^|^40880^|^NorthRhine-Westphalia^|^45190011^|^Linienstrase
968^|^Berlin^|^Germany^|^40880^|^Brandenburg^|^45190012^|^Koningsallee
969^|^Munich^|^Germany^|^40880^|^Bavaria^|^45190013^|^Oststrase
970^|^Berlin^|^Germany^|^40880^|^Brandenburg^|^45190014^|^Koningsallee
971^|^Dusseldorf^|^Germany^|^40880^|^NorthRhine-Westphalia^|^45190015^|^Linienstrase
972^|^Munich^|^Germany^|^40880^|^Bavaria^|^45190016^|^Oststrase
973^|^Frankfurt^|^Germany^|^40880^|^Hesse^|^45190017^|^Nordstrase
974^|^Dusseldorf^|^Germany^|^40880^|^NorthRhine-Westphalia^|^45190018^|^Linienstrase
975^|^Berlin^|^Germany^|^40880^|^Brandenburg^|^45190019^|^Koningsallee
976^|^Dusseldorf^|^Germany^|^40880^|^NorthRhine-Westphalia^|^45190020^|^Linienstrase
977^|^Frankfurt^|^Germany^|^40880^|^Hesse^|^45190021^|^Nordstrase
978^|^Berlin^|^Germany^|^40880^|^Brandenburg^|^45190022^|^Koningsallee
979^|^Munich^|^Germany^|^40880^|^Bavaria^|^45190023^|^Oststrase
980^|^Munich^|^Germany^|^40880^|^Bavaria^|^45190024^|^Oststrase
981^|^Munich^|^Germany^|^40880^|^Bavaria^|^45190025^|^Oststrase
982^|^Dusseldorf^|^Germany^|^40880^|^NorthRhine-Westphalia^|^45190026^|^Linienstrase
983^|^Dusseldorf^|^Germany^|^40880^|^NorthRhine-Westphalia^|^45190027^|^Linienstrase
984^|^Munich^|^Germany^|^40880^|^Bavaria^|^45190028^|^Oststrase
985^|^Munich^|^Germany^|^40880^|^Bavaria^|^45190029^|^Oststrase
986^|^Dusseldorf^|^Germany^|^40880^|^NorthRhine-Westphalia^|^45190030^|^Linienstrase
987^|^Frankfurt^|^Germany^|^40880^|^Hesse^|^45190031^|^Nordstrase
988^|^Frankfurt^|^Germany^|^40880^|^Hesse^|^45190032^|^Nordstrase
989^|^Berlin^|^Germany^|^40880^|^Brandenburg^|^45190033^|^Koningsallee
990^|^Berlin^|^Germany^|^40880^|^Brandenburg^|^45190034^|^Koningsallee
991^|^Frankfurt^|^Germany^|^40880^|^Hesse^|^45190035^|^Nordstrase
992^|^Munich^|^Germany^|^40880^|^Bavaria^|^45190036^|^Oststrase
993^|^Berlin^|^Germany^|^40880^|^Brandenburg^|^45190037^|^Koningsallee
994^|^Dusseldorf^|^Germany^|^40880^|^NorthRhine-Westphalia^|^45190038^|^Linienstrase
995^|^Munich^|^Germany^|^40880^|^Bavaria^|^45190039^|^Oststrase
996^|^Berlin^|^Germany^|^40880^|^Brandenburg^|^45190040^|^Koningsallee
997^|^Frankfurt^|^Germany^|^40880^|^Hesse^|^45190041^|^Nordstrase
998^|^Munich^|^Germany^|^40880^|^Bavaria^|^45190042^|^Oststrase
999^|^Frankfurt^|^Germany^|^40880^|^Hesse^|^45190043^|^Nordstrase
1000^|^Berlin^|^Germany^|^40880^|^Brandenburg^|^45190044^|^Koningsallee
1001^|^Munich^|^Germany^|^40880^|^Bavaria^|^45190045^|^Oststrase
1002^|^Berlin^|^Germany^|^40880^|^Brandenburg^|^45190046^|^Koningsallee
1003^|^Berlin^|^Germany^|^40880^|^Brandenburg^|^45190047^|^Koningsallee
1004^|^Frankfurt^|^Germany^|^40880^|^Hesse^|^45190048^|^Nordstrase
1005^|^Berlin^|^Germany^|^40880^|^Brandenburg^|^45190049^|^Koningsallee
1006^|^Frankfurt^|^Germany^|^40880^|^Hesse^|^45190050^|^Nordstrase
1007^|^Berlin^|^Germany^|^40880^|^Brandenburg^|^45190051^|^Koningsallee
1008^|^Dusseldorf^|^Germany^|^40880^|^NorthRhine-Westphalia^|^45190052^|^Linienstrase
1009^|^Dusseldorf^|^Germany^|^40880^|^NorthRhine-Westphalia^|^45190053^|^Linienstrase
1010^|^Berlin^|^Germany^|^40880^|^Brandenburg^|^45190054^|^Koningsallee
1011^|^Dusseldorf^|^Germany^|^40880^|^NorthRhine-Westphalia^|^45190055^|^Linienstrase
1012^|^Frankfurt^|^Germany^|^40880^|^Hesse^|^45190056^|^Nordstrase
1013^|^Dusseldorf^|^Germany^|^40880^|^NorthRhine-Westphalia^|^45190057^|^Linienstrase
1014^|^Frankfurt^|^Germany^|^40880^|^Hesse^|^45190058^|^Nordstrase
1015^|^Frankfurt^|^Germany^|^40880^|^Hesse^|^45190059^|^Nordstrase
1016^|^Munich^|^Germany^|^40880^|^Bavaria^|^45190060^|^Oststrase
1017^|^Dusseldorf^|^Germany^|^40880^|^NorthRhine-Westphalia^|^45190061^|^Linienstrase
1018^|^Berlin^|^Germany^|^40880^|^Brandenburg^|^45190062^|^Koningsallee
1019^|^Dusseldorf^|^Germany^|^40880^|^NorthRhine-Westphalia^|^45190063^|^Linienstrase
1020^|^Munich^|^Germany^|^40880^|^Bavaria^|^45190064^|^Oststrase
1021^|^Berlin^|^Germany^|^40880^|^Brandenburg^|^45190065^|^Koningsallee
1022^|^Berlin^|^Germany^|^40880^|^Brandenburg^|^45190066^|^Koningsallee
1023^|^Munich^|^Germany^|^40880^|^Bavaria^|^45190067^|^Oststrase
1024^|^Berlin^|^Germany^|^40880^|^Brandenburg^|^45190068^|^Koningsallee
1025^|^Berlin^|^Germany^|^40880^|^Brandenburg^|^45190069^|^Koningsallee
1026^|^Dusseldorf^|^Germany^|^40880^|^NorthRhine-Westphalia^|^45190070^|^Linienstrase
1027^|^Berlin^|^Germany^|^40880^|^Brandenburg^|^45190071^|^Koningsallee
1028^|^Berlin^|^Germany^|^40880^|^Brandenburg^|^45190072^|^Koningsallee
1029^|^Berlin^|^Germany^|^40880^|^Brandenburg^|^45190073^|^Koningsallee
1030^|^Dusseldorf^|^Germany^|^40880^|^NorthRhine-Westphalia^|^45190074^|^Linienstrase
1031^|^Frankfurt^|^Germany^|^40880^|^Hesse^|^45190075^|^Nordstrase
1032^|^Munich^|^Germany^|^40880^|^Bavaria^|^45190076^|^Oststrase
1033^|^Dusseldorf^|^Germany^|^40880^|^NorthRhine-Westphalia^|^45190077^|^Linienstrase
1034^|^Berlin^|^Germany^|^40880^|^Brandenburg^|^45190078^|^Koningsallee
1035^|^Frankfurt^|^Germany^|^40880^|^Hesse^|^45190079^|^Nordstrase
1036^|^Munich^|^Germany^|^40880^|^Bavaria^|^45190080^|^Oststrase
1037^|^Dusseldorf^|^Germany^|^40880^|^NorthRhine-Westphalia^|^45190081^|^Linienstrase
1038^|^Berlin^|^Germany^|^40880^|^Brandenburg^|^45190082^|^Koningsallee
1039^|^Dusseldorf^|^Germany^|^40880^|^NorthRhine-Westphalia^|^45190083^|^Linienstrase
1040^|^Berlin^|^Germany^|^40880^|^Brandenburg^|^45190084^|^Koningsallee
1041^|^Frankfurt^|^Germany^|^40880^|^Hesse^|^45190085^|^Nordstrase
1042^|^Berlin^|^Germany^|^40880^|^Brandenburg^|^45190086^|^Koningsallee
1043^|^Frankfurt^|^Germany^|^40880^|^Hesse^|^45190087^|^Nordstrase
1044^|^Munich^|^Germany^|^40880^|^Bavaria^|^45190088^|^Oststrase
1045^|^Berlin^|^Germany^|^40880^|^Brandenburg^|^45190089^|^Koningsallee
1046^|^Berlin^|^Germany^|^40880^|^Brandenburg^|^45190090^|^Koningsallee